0 verbose cli C:\Program Files\nodejs\node.exe C:\Program Files\nodejs\node_modules\npm\bin\npm-cli.js
1 info using npm@11.9.0
2 info using node@v24.14.0
3 silly config load:file:C:\Program Files\nodejs\node_modules\npm\npmrc
4 silly config load:file:C:\Internship Time Logs\feedforward\Frontend\.npmrc
5 silly config load:file:C:\Users\Kim Sarah Sonjaco\.npmrc
6 silly config load:file:C:\Users\Kim Sarah Sonjaco\AppData\Roaming\npm\etc\npmrc
7 verbose title npm install
8 verbose argv "install"
9 verbose logfile logs-max:10 dir:c:\Internship Time Logs\feedforward\Frontend\.npm-cache\_logs\2026-03-16T07_53_53_860Z-
10 verbose logfile c:\Internship Time Logs\feedforward\Frontend\.npm-cache\_logs\2026-03-16T07_53_53_860Z-debug-0.log
11 silly logfile done cleaning log files
12 silly packumentCache heap:4496293888 maxSize:1124073472 maxEntrySize:562036736
13 http fetch GET https://registry.npmjs.org/npm attempt 1 failed with EACCES
14 verbose shrinkwrap failed to load node_modules/.package-lock.json out of date, updated: node_modules
15 silly idealTree buildDeps
16 silly reify mark retired [
16 silly reify   'C:\\Internship Time Logs\\feedforward\\Frontend\\node_modules\\archiver-utils'
16 silly reify ]
17 silly reify mark retired [
17 silly reify   'C:\\Internship Time Logs\\feedforward\\Frontend\\node_modules\\archiver'
17 silly reify ]
18 silly reify mark retired [
18 silly reify   'C:\\Internship Time Logs\\feedforward\\Frontend\\node_modules\\async'
18 silly reify ]
19 silly reify mark retired [
19 silly reify   'C:\\Internship Time Logs\\feedforward\\Frontend\\node_modules\\base64-arraybuffer'
19 silly reify ]
20 silly reify mark retired [
20 silly reify   'C:\\Internship Time Logs\\feedforward\\Frontend\\node_modules\\base64-js'
20 silly reify ]
21 silly reify mark retired [
21 silly reify   'C:\\Internship Time Logs\\feedforward\\Frontend\\node_modules\\big-integer'
21 silly reify ]
22 silly reify mark retired [ 'C:\\Internship Time Logs\\feedforward\\Frontend\\node_modules\\bl' ]
23 silly reify mark retired [
23 silly reify   'C:\\Internship Time Logs\\feedforward\\Frontend\\node_modules\\binary'
23 silly reify ]
24 silly reify mark retired [
24 silly reify   'C:\\Internship Time Logs\\feedforward\\Frontend\\node_modules\\bluebird'
24 silly reify ]
25 silly reify mark retired [
25 silly reify   'C:\\Internship Time Logs\\feedforward\\Frontend\\node_modules\\buffer-indexof-polyfill'
25 silly reify ]
26 silly reify mark retired [
26 silly reify   'C:\\Internship Time Logs\\feedforward\\Frontend\\node_modules\\buffer'
26 silly reify ]
27 silly reify mark retired [
27 silly reify   'C:\\Internship Time Logs\\feedforward\\Frontend\\node_modules\\buffers'
27 silly reify ]
28 silly reify mark retired [
28 silly reify   'C:\\Internship Time Logs\\feedforward\\Frontend\\node_modules\\buffer-crc32'
28 silly reify ]
29 silly reify mark retired [
29 silly reify   'C:\\Internship Time Logs\\feedforward\\Frontend\\node_modules\\chainsaw'
29 silly reify ]
30 silly reify mark retired [
30 silly reify   'C:\\Internship Time Logs\\feedforward\\Frontend\\node_modules\\canvg'
30 silly reify ]
31 silly reify mark retired [
31 silly reify   'C:\\Internship Time Logs\\feedforward\\Frontend\\node_modules\\compress-commons'
31 silly reify ]
32 silly reify mark retired [
32 silly reify   'C:\\Internship Time Logs\\feedforward\\Frontend\\node_modules\\core-js'
32 silly reify ]
33 silly reify mark retired [
33 silly reify   'C:\\Internship Time Logs\\feedforward\\Frontend\\node_modules\\core-util-is'
33 silly reify ]
34 silly reify mark retired [
34 silly reify   'C:\\Internship Time Logs\\feedforward\\Frontend\\node_modules\\crc32-stream'
34 silly reify ]
35 silly reify mark retired [
35 silly reify   'C:\\Internship Time Logs\\feedforward\\Frontend\\node_modules\\css-line-break'
35 silly reify ]
36 silly reify mark retired [
36 silly reify   'C:\\Internship Time Logs\\feedforward\\Frontend\\node_modules\\crc-32'
36 silly reify ]
37 silly reify mark retired [
37 silly reify   'C:\\Internship Time Logs\\feedforward\\Frontend\\node_modules\\dayjs'
37 silly reify ]
38 silly reify mark retired [
38 silly reify   'C:\\Internship Time Logs\\feedforward\\Frontend\\node_modules\\duplexer2'
38 silly reify ]
39 silly reify mark retired [
39 silly reify   'C:\\Internship Time Logs\\feedforward\\Frontend\\node_modules\\dompurify'
39 silly reify ]
40 silly reify mark retired [
40 silly reify   'C:\\Internship Time Logs\\feedforward\\Frontend\\node_modules\\end-of-stream'
40 silly reify ]
41 silly reify mark retired [
41 silly reify   'C:\\Internship Time Logs\\feedforward\\Frontend\\node_modules\\exceljs'
41 silly reify ]
42 silly reify mark retired [
42 silly reify   'C:\\Internship Time Logs\\feedforward\\Frontend\\node_modules\\fast-csv'
42 silly reify ]
43 silly reify mark retired [
43 silly reify   'C:\\Internship Time Logs\\feedforward\\Frontend\\node_modules\\fast-png'
43 silly reify ]
44 silly reify mark retired [
44 silly reify   'C:\\Internship Time Logs\\feedforward\\Frontend\\node_modules\\fflate'
44 silly reify ]
45 silly reify mark retired [
45 silly reify   'C:\\Internship Time Logs\\feedforward\\Frontend\\node_modules\\flatted'
45 silly reify ]
46 silly reify mark retired [
46 silly reify   'C:\\Internship Time Logs\\feedforward\\Frontend\\node_modules\\fs.realpath'
46 silly reify ]
47 silly reify mark retired [
47 silly reify   'C:\\Internship Time Logs\\feedforward\\Frontend\\node_modules\\fs-constants'
47 silly reify ]
48 silly reify mark retired [
48 silly reify   'C:\\Internship Time Logs\\feedforward\\Frontend\\node_modules\\fstream'
48 silly reify ]
49 silly reify mark retired [
49 silly reify   'C:\\Internship Time Logs\\feedforward\\Frontend\\node_modules\\glob'
49 silly reify ]
50 silly reify mark retired [
50 silly reify   'C:\\Internship Time Logs\\feedforward\\Frontend\\node_modules\\ieee754'
50 silly reify ]
51 silly reify mark retired [
51 silly reify   'C:\\Internship Time Logs\\feedforward\\Frontend\\node_modules\\html2canvas'
51 silly reify ]
52 silly reify mark retired [
52 silly reify   'C:\\Internship Time Logs\\feedforward\\Frontend\\node_modules\\inflight'
52 silly reify ]
53 silly reify mark retired [
53 silly reify   'C:\\Internship Time Logs\\feedforward\\Frontend\\node_modules\\immediate'
53 silly reify ]
54 silly reify mark retired [
54 silly reify   'C:\\Internship Time Logs\\feedforward\\Frontend\\node_modules\\inherits'
54 silly reify ]
55 silly reify mark retired [
55 silly reify   'C:\\Internship Time Logs\\feedforward\\Frontend\\node_modules\\iobuffer'
55 silly reify ]
56 silly reify mark retired [
56 silly reify   'C:\\Internship Time Logs\\feedforward\\Frontend\\node_modules\\jspdf'
56 silly reify ]
57 silly reify mark retired [
57 silly reify   'C:\\Internship Time Logs\\feedforward\\Frontend\\node_modules\\jszip'
57 silly reify ]
58 silly reify mark retired [
58 silly reify   'C:\\Internship Time Logs\\feedforward\\Frontend\\node_modules\\jspdf-autotable'
58 silly reify ]
59 silly reify mark retired [
59 silly reify   'C:\\Internship Time Logs\\feedforward\\Frontend\\node_modules\\lazystream'
59 silly reify ]
60 silly reify mark retired [
60 silly reify   'C:\\Internship Time Logs\\feedforward\\Frontend\\node_modules\\lie'
60 silly reify ]
61 silly reify mark retired [
61 silly reify   'C:\\Internship Time Logs\\feedforward\\Frontend\\node_modules\\listenercount'
61 silly reify ]
62 silly reify mark retired [
62 silly reify   'C:\\Internship Time Logs\\feedforward\\Frontend\\node_modules\\lodash.defaults'
62 silly reify ]
63 silly reify mark retired [
63 silly reify   'C:\\Internship Time Logs\\feedforward\\Frontend\\node_modules\\lodash.difference'
63 silly reify ]
64 silly reify mark retired [
64 silly reify   'C:\\Internship Time Logs\\feedforward\\Frontend\\node_modules\\lodash.escaperegexp'
64 silly reify ]
65 silly reify mark retired [
65 silly reify   'C:\\Internship Time Logs\\feedforward\\Frontend\\node_modules\\lodash.flatten'
65 silly reify ]
66 silly reify mark retired [
66 silly reify   'C:\\Internship Time Logs\\feedforward\\Frontend\\node_modules\\lodash.isequal'
66 silly reify ]
67 silly reify mark retired [
67 silly reify   'C:\\Internship Time Logs\\feedforward\\Frontend\\node_modules\\lodash.groupby'
67 silly reify ]
68 silly reify mark retired [
68 silly reify   'C:\\Internship Time Logs\\feedforward\\Frontend\\node_modules\\lodash.isboolean'
68 silly reify ]
69 silly reify mark retired [
69 silly reify   'C:\\Internship Time Logs\\feedforward\\Frontend\\node_modules\\lodash.isnil'
69 silly reify ]
70 silly reify mark retired [
70 silly reify   'C:\\Internship Time Logs\\feedforward\\Frontend\\node_modules\\lodash.isplainobject'
70 silly reify ]
71 silly reify mark retired [
71 silly reify   'C:\\Internship Time Logs\\feedforward\\Frontend\\node_modules\\lodash.isfunction'
71 silly reify ]
72 silly reify mark retired [
72 silly reify   'C:\\Internship Time Logs\\feedforward\\Frontend\\node_modules\\lodash.isundefined'
72 silly reify ]
73 silly reify mark retired [
73 silly reify   'C:\\Internship Time Logs\\feedforward\\Frontend\\node_modules\\lodash.union'
73 silly reify ]
74 silly reify mark retired [
74 silly reify   'C:\\Internship Time Logs\\feedforward\\Frontend\\node_modules\\lodash.uniq'
74 silly reify ]
75 silly reify mark retired [
75 silly reify   'C:\\Internship Time Logs\\feedforward\\Frontend\\node_modules\\mkdirp'
75 silly reify ]
76 silly reify mark retired [
76 silly reify   'C:\\Internship Time Logs\\feedforward\\Frontend\\node_modules\\normalize-path'
76 silly reify ]
77 silly reify mark retired [
77 silly reify   'C:\\Internship Time Logs\\feedforward\\Frontend\\node_modules\\once'
77 silly reify ]
78 silly reify mark retired [
78 silly reify   'C:\\Internship Time Logs\\feedforward\\Frontend\\node_modules\\pako'
78 silly reify ]
79 silly reify mark retired [
79 silly reify   'C:\\Internship Time Logs\\feedforward\\Frontend\\node_modules\\path-is-absolute'
79 silly reify ]
80 silly reify mark retired [
80 silly reify   'C:\\Internship Time Logs\\feedforward\\Frontend\\node_modules\\performance-now'
80 silly reify ]
81 silly reify mark retired [
81 silly reify   'C:\\Internship Time Logs\\feedforward\\Frontend\\node_modules\\process-nextick-args'
81 silly reify ]
82 silly reify mark retired [
82 silly reify   'C:\\Internship Time Logs\\feedforward\\Frontend\\node_modules\\raf'
82 silly reify ]
83 silly reify mark retired [
83 silly reify   'C:\\Internship Time Logs\\feedforward\\Frontend\\node_modules\\readable-stream'
83 silly reify ]
84 silly reify mark retired [
84 silly reify   'C:\\Internship Time Logs\\feedforward\\Frontend\\node_modules\\readdir-glob'
84 silly reify ]
85 silly reify mark retired [
85 silly reify   'C:\\Internship Time Logs\\feedforward\\Frontend\\node_modules\\regenerator-runtime'
85 silly reify ]
86 silly reify mark retired [
86 silly reify   'C:\\Internship Time Logs\\feedforward\\Frontend\\node_modules\\rgbcolor'
86 silly reify ]
87 silly reify mark retired [
87 silly reify   'C:\\Internship Time Logs\\feedforward\\Frontend\\node_modules\\rimraf'
87 silly reify ]
88 silly reify mark retired [
88 silly reify   'C:\\Internship Time Logs\\feedforward\\Frontend\\node_modules\\safe-buffer'
88 silly reify ]
89 silly reify mark retired [
89 silly reify   'C:\\Internship Time Logs\\feedforward\\Frontend\\node_modules\\saxes'
89 silly reify ]
90 silly reify mark retired [
90 silly reify   'C:\\Internship Time Logs\\feedforward\\Frontend\\node_modules\\setimmediate'
90 silly reify ]
91 silly reify mark retired [
91 silly reify   'C:\\Internship Time Logs\\feedforward\\Frontend\\node_modules\\stackblur-canvas'
91 silly reify ]
92 silly reify mark retired [
92 silly reify   'C:\\Internship Time Logs\\feedforward\\Frontend\\node_modules\\string_decoder'
92 silly reify ]
93 silly reify mark retired [
93 silly reify   'C:\\Internship Time Logs\\feedforward\\Frontend\\node_modules\\svg-pathdata'
93 silly reify ]
94 silly reify mark retired [
94 silly reify   'C:\\Internship Time Logs\\feedforward\\Frontend\\node_modules\\text-segmentation'
94 silly reify ]
95 silly reify mark retired [
95 silly reify   'C:\\Internship Time Logs\\feedforward\\Frontend\\node_modules\\tar-stream'
95 silly reify ]
96 silly reify mark retired [
96 silly reify   'C:\\Internship Time Logs\\feedforward\\Frontend\\node_modules\\tmp'
96 silly reify ]
97 silly reify mark retired [
97 silly reify   'C:\\Internship Time Logs\\feedforward\\Frontend\\node_modules\\traverse'
97 silly reify ]
98 silly reify mark retired [
98 silly reify   'C:\\Internship Time Logs\\feedforward\\Frontend\\node_modules\\unzipper'
98 silly reify ]
99 silly reify mark retired [
99 silly reify   'C:\\Internship Time Logs\\feedforward\\Frontend\\node_modules\\util-deprecate'
99 silly reify ]
100 silly reify mark retired [
100 silly reify   'C:\\Internship Time Logs\\feedforward\\Frontend\\node_modules\\uuid'
100 silly reify ]
101 silly reify mark retired [
101 silly reify   'C:\\Internship Time Logs\\feedforward\\Frontend\\node_modules\\utrie'
101 silly reify ]
102 silly reify mark retired [
102 silly reify   'C:\\Internship Time Logs\\feedforward\\Frontend\\node_modules\\wrappy'
102 silly reify ]
103 silly reify mark retired [
103 silly reify   'C:\\Internship Time Logs\\feedforward\\Frontend\\node_modules\\xmlchars'
103 silly reify ]
104 silly reify mark retired [
104 silly reify   'C:\\Internship Time Logs\\feedforward\\Frontend\\node_modules\\zip-stream'
104 silly reify ]
105 silly reify mark retired [
105 silly reify   'C:\\Internship Time Logs\\feedforward\\Frontend\\node_modules\\@babel\\runtime'
105 silly reify ]
106 silly reify mark retired [
106 silly reify   'C:\\Internship Time Logs\\feedforward\\Frontend\\node_modules\\@fast-csv\\parse'
106 silly reify ]
107 silly reify mark retired [
107 silly reify   'C:\\Internship Time Logs\\feedforward\\Frontend\\node_modules\\@fast-csv\\format'
107 silly reify ]
108 silly reify mark retired [
108 silly reify   'C:\\Internship Time Logs\\feedforward\\Frontend\\node_modules\\@types\\trusted-types'
108 silly reify ]
109 silly reify mark retired [
109 silly reify   'C:\\Internship Time Logs\\feedforward\\Frontend\\node_modules\\@types\\raf'
109 silly reify ]
110 silly reify mark retired [
110 silly reify   'C:\\Internship Time Logs\\feedforward\\Frontend\\node_modules\\@types\\pako'
110 silly reify ]
111 silly reify moves {
111 silly reify   'C:\\Internship Time Logs\\feedforward\\Frontend\\node_modules\\archiver-utils': 'C:\\Internship Time Logs\\feedforward\\Frontend\\node_modules\\.archiver-utils-qPL4u1Kg',
111 silly reify   'C:\\Internship Time Logs\\feedforward\\Frontend\\node_modules\\archiver': 'C:\\Internship Time Logs\\feedforward\\Frontend\\node_modules\\.archiver-dHnPRBsm',
111 silly reify   'C:\\Internship Time Logs\\feedforward\\Frontend\\node_modules\\async': 'C:\\Internship Time Logs\\feedforward\\Frontend\\node_modules\\.async-QqTM4ISE',
111 silly reify   'C:\\Internship Time Logs\\feedforward\\Frontend\\node_modules\\base64-arraybuffer': 'C:\\Internship Time Logs\\feedforward\\Frontend\\node_modules\\.base64-arraybuffer-k1O01Ruj',
111 silly reify   'C:\\Internship Time Logs\\feedforward\\Frontend\\node_modules\\base64-js': 'C:\\Internship Time Logs\\feedforward\\Frontend\\node_modules\\.base64-js-HOJsskp3',
111 silly reify   'C:\\Internship Time Logs\\feedforward\\Frontend\\node_modules\\big-integer': 'C:\\Internship Time Logs\\feedforward\\Frontend\\node_modules\\.big-integer-f8W7pb0Y',
111 silly reify   'C:\\Internship Time Logs\\feedforward\\Frontend\\node_modules\\bl': 'C:\\Internship Time Logs\\feedforward\\Frontend\\node_modules\\.bl-RLpOJX2a',
111 silly reify   'C:\\Internship Time Logs\\feedforward\\Frontend\\node_modules\\binary': 'C:\\Internship Time Logs\\feedforward\\Frontend\\node_modules\\.binary-UExqqiCd',
111 silly reify   'C:\\Internship Time Logs\\feedforward\\Frontend\\node_modules\\bluebird': 'C:\\Internship Time Logs\\feedforward\\Frontend\\node_modules\\.bluebird-HirnPywT',
111 silly reify   'C:\\Internship Time Logs\\feedforward\\Frontend\\node_modules\\buffer-indexof-polyfill': 'C:\\Internship Time Logs\\feedforward\\Frontend\\node_modules\\.buffer-indexof-polyfill-ytDHtyLg',
111 silly reify   'C:\\Internship Time Logs\\feedforward\\Frontend\\node_modules\\buffer': 'C:\\Internship Time Logs\\feedforward\\Frontend\\node_modules\\.buffer-laMFMQO5',
111 silly reify   'C:\\Internship Time Logs\\feedforward\\Frontend\\node_modules\\buffers': 'C:\\Internship Time Logs\\feedforward\\Frontend\\node_modules\\.buffers-nChsF5LK',
111 silly reify   'C:\\Internship Time Logs\\feedforward\\Frontend\\node_modules\\buffer-crc32': 'C:\\Internship Time Logs\\feedforward\\Frontend\\node_modules\\.buffer-crc32-JaqfWQP4',
111 silly reify   'C:\\Internship Time Logs\\feedforward\\Frontend\\node_modules\\chainsaw': 'C:\\Internship Time Logs\\feedforward\\Frontend\\node_modules\\.chainsaw-wLigbFHx',
111 silly reify   'C:\\Internship Time Logs\\feedforward\\Frontend\\node_modules\\canvg': 'C:\\Internship Time Logs\\feedforward\\Frontend\\node_modules\\.canvg-gxXu5poz',
111 silly reify   'C:\\Internship Time Logs\\feedforward\\Frontend\\node_modules\\compress-commons': 'C:\\Internship Time Logs\\feedforward\\Frontend\\node_modules\\.compress-commons-4KrjWqWY',
111 silly reify   'C:\\Internship Time Logs\\feedforward\\Frontend\\node_modules\\core-js': 'C:\\Internship Time Logs\\feedforward\\Frontend\\node_modules\\.core-js-bOj9HeOu',
111 silly reify   'C:\\Internship Time Logs\\feedforward\\Frontend\\node_modules\\core-util-is': 'C:\\Internship Time Logs\\feedforward\\Frontend\\node_modules\\.core-util-is-Z55EMRxw',
111 silly reify   'C:\\Internship Time Logs\\feedforward\\Frontend\\node_modules\\crc32-stream': 'C:\\Internship Time Logs\\feedforward\\Frontend\\node_modules\\.crc32-stream-7YGSUFoh',
111 silly reify   'C:\\Internship Time Logs\\feedforward\\Frontend\\node_modules\\css-line-break': 'C:\\Internship Time Logs\\feedforward\\Frontend\\node_modules\\.css-line-break-XdzzGyKm',
111 silly reify   'C:\\Internship Time Logs\\feedforward\\Frontend\\node_modules\\crc-32': 'C:\\Internship Time Logs\\feedforward\\Frontend\\node_modules\\.crc-32-EuZISxWH',
111 silly reify   'C:\\Internship Time Logs\\feedforward\\Frontend\\node_modules\\dayjs': 'C:\\Internship Time Logs\\feedforward\\Frontend\\node_modules\\.dayjs-pYdOGy6U',
111 silly reify   'C:\\Internship Time Logs\\feedforward\\Frontend\\node_modules\\duplexer2': 'C:\\Internship Time Logs\\feedforward\\Frontend\\node_modules\\.duplexer2-fFV3Rk3j',
111 silly reify   'C:\\Internship Time Logs\\feedforward\\Frontend\\node_modules\\dompurify': 'C:\\Internship Time Logs\\feedforward\\Frontend\\node_modules\\.dompurify-omWC9ruy',
111 silly reify   'C:\\Internship Time Logs\\feedforward\\Frontend\\node_modules\\end-of-stream': 'C:\\Internship Time Logs\\feedforward\\Frontend\\node_modules\\.end-of-stream-KhL4xxvR',
111 silly reify   'C:\\Internship Time Logs\\feedforward\\Frontend\\node_modules\\exceljs': 'C:\\Internship Time Logs\\feedforward\\Frontend\\node_modules\\.exceljs-wjjWUvZ0',
111 silly reify   'C:\\Internship Time Logs\\feedforward\\Frontend\\node_modules\\fast-csv': 'C:\\Internship Time Logs\\feedforward\\Frontend\\node_modules\\.fast-csv-wgmlAD1P',
111 silly reify   'C:\\Internship Time Logs\\feedforward\\Frontend\\node_modules\\fast-png': 'C:\\Internship Time Logs\\feedforward\\Frontend\\node_modules\\.fast-png-vFoZgeXg',
111 silly reify   'C:\\Internship Time Logs\\feedforward\\Frontend\\node_modules\\fflate': 'C:\\Internship Time Logs\\feedforward\\Frontend\\node_modules\\.fflate-Yu4R1GQe',
111 silly reify   'C:\\Internship Time Logs\\feedforward\\Frontend\\node_modules\\flatted': 'C:\\Internship Time Logs\\feedforward\\Frontend\\node_modules\\.flatted-fOAgbR1d',
111 silly reify   'C:\\Internship Time Logs\\feedforward\\Frontend\\node_modules\\fs.realpath': 'C:\\Internship Time Logs\\feedforward\\Frontend\\node_modules\\.fs.realpath-UDGBdtLZ',
111 silly reify   'C:\\Internship Time Logs\\feedforward\\Frontend\\node_modules\\fs-constants': 'C:\\Internship Time Logs\\feedforward\\Frontend\\node_modules\\.fs-constants-QlbSWw5x',
111 silly reify   'C:\\Internship Time Logs\\feedforward\\Frontend\\node_modules\\fstream': 'C:\\Internship Time Logs\\feedforward\\Frontend\\node_modules\\.fstream-RmGmrm9K',
111 silly reify   'C:\\Internship Time Logs\\feedforward\\Frontend\\node_modules\\glob': 'C:\\Internship Time Logs\\feedforward\\Frontend\\node_modules\\.glob-vXOw28ME',
111 silly reify   'C:\\Internship Time Logs\\feedforward\\Frontend\\node_modules\\ieee754': 'C:\\Internship Time Logs\\feedforward\\Frontend\\node_modules\\.ieee754-PvC63szF',
111 silly reify   'C:\\Internship Time Logs\\feedforward\\Frontend\\node_modules\\html2canvas': 'C:\\Internship Time Logs\\feedforward\\Frontend\\node_modules\\.html2canvas-PRQtaSqM',
111 silly reify   'C:\\Internship Time Logs\\feedforward\\Frontend\\node_modules\\inflight': 'C:\\Internship Time Logs\\feedforward\\Frontend\\node_modules\\.inflight-gypnQyRs',
111 silly reify   'C:\\Internship Time Logs\\feedforward\\Frontend\\node_modules\\immediate': 'C:\\Internship Time Logs\\feedforward\\Frontend\\node_modules\\.immediate-Pr1mAVRC',
111 silly reify   'C:\\Internship Time Logs\\feedforward\\Frontend\\node_modules\\inherits': 'C:\\Internship Time Logs\\feedforward\\Frontend\\node_modules\\.inherits-C1HNF1kq',
111 silly reify   'C:\\Internship Time Logs\\feedforward\\Frontend\\node_modules\\iobuffer': 'C:\\Internship Time Logs\\feedforward\\Frontend\\node_modules\\.iobuffer-H3G3FPZh',
111 silly reify   'C:\\Internship Time Logs\\feedforward\\Frontend\\node_modules\\jspdf': 'C:\\Internship Time Logs\\feedforward\\Frontend\\node_modules\\.jspdf-E9cbs6Lj',
111 silly reify   'C:\\Internship Time Logs\\feedforward\\Frontend\\node_modules\\jszip': 'C:\\Internship Time Logs\\feedforward\\Frontend\\node_modules\\.jszip-a6I8fmfK',
111 silly reify   'C:\\Internship Time Logs\\feedforward\\Frontend\\node_modules\\jspdf-autotable': 'C:\\Internship Time Logs\\feedforward\\Frontend\\node_modules\\.jspdf-autotable-Gr4m3RbZ',
111 silly reify   'C:\\Internship Time Logs\\feedforward\\Frontend\\node_modules\\lazystream': 'C:\\Internship Time Logs\\feedforward\\Frontend\\node_modules\\.lazystream-q7Dh27rs',
111 silly reify   'C:\\Internship Time Logs\\feedforward\\Frontend\\node_modules\\lie': 'C:\\Internship Time Logs\\feedforward\\Frontend\\node_modules\\.lie-Li6GGAeS',
111 silly reify   'C:\\Internship Time Logs\\feedforward\\Frontend\\node_modules\\listenercount': 'C:\\Internship Time Logs\\feedforward\\Frontend\\node_modules\\.listenercount-QDxDlyHp',
111 silly reify   'C:\\Internship Time Logs\\feedforward\\Frontend\\node_modules\\lodash.defaults': 'C:\\Internship Time Logs\\feedforward\\Frontend\\node_modules\\.lodash.defaults-uipUJHeI',
111 silly reify   'C:\\Internship Time Logs\\feedforward\\Frontend\\node_modules\\lodash.difference': 'C:\\Internship Time Logs\\feedforward\\Frontend\\node_modules\\.lodash.difference-fEr2XFdj',
111 silly reify   'C:\\Internship Time Logs\\feedforward\\Frontend\\node_modules\\lodash.escaperegexp': 'C:\\Internship Time Logs\\feedforward\\Frontend\\node_modules\\.lodash.escaperegexp-h99udcoo',
111 silly reify   'C:\\Internship Time Logs\\feedforward\\Frontend\\node_modules\\lodash.flatten': 'C:\\Internship Time Logs\\feedforward\\Frontend\\node_modules\\.lodash.flatten-QVaQIUYR',
111 silly reify   'C:\\Internship Time Logs\\feedforward\\Frontend\\node_modules\\lodash.isequal': 'C:\\Internship Time Logs\\feedforward\\Frontend\\node_modules\\.lodash.isequal-IRXLYa8S',
111 silly reify   'C:\\Internship Time Logs\\feedforward\\Frontend\\node_modules\\lodash.groupby': 'C:\\Internship Time Logs\\feedforward\\Frontend\\node_modules\\.lodash.groupby-G79CMyi8',
111 silly reify   'C:\\Internship Time Logs\\feedforward\\Frontend\\node_modules\\lodash.isboolean': 'C:\\Internship Time Logs\\feedforward\\Frontend\\node_modules\\.lodash.isboolean-OUmDzuUe',
111 silly reify   'C:\\Internship Time Logs\\feedforward\\Frontend\\node_modules\\lodash.isnil': 'C:\\Internship Time Logs\\feedforward\\Frontend\\node_modules\\.lodash.isnil-o53PZfY9',
111 silly reify   'C:\\Internship Time Logs\\feedforward\\Frontend\\node_modules\\lodash.isplainobject': 'C:\\Internship Time Logs\\feedforward\\Frontend\\node_modules\\.lodash.isplainobject-EgznHK32',
111 silly reify   'C:\\Internship Time Logs\\feedforward\\Frontend\\node_modules\\lodash.isfunction': 'C:\\Internship Time Logs\\feedforward\\Frontend\\node_modules\\.lodash.isfunction-aJW13yBu',
111 silly reify   'C:\\Internship Time Logs\\feedforward\\Frontend\\node_modules\\lodash.isundefined': 'C:\\Internship Time Logs\\feedforward\\Frontend\\node_modules\\.lodash.isundefined-a8GURddP',
111 silly reify   'C:\\Internship Time Logs\\feedforward\\Frontend\\node_modules\\lodash.union': 'C:\\Internship Time Logs\\feedforward\\Frontend\\node_modules\\.lodash.union-J6k6KnTX',
111 silly reify   'C:\\Internship Time Logs\\feedforward\\Frontend\\node_modules\\lodash.uniq': 'C:\\Internship Time Logs\\feedforward\\Frontend\\node_modules\\.lodash.uniq-164mck9m',
111 silly reify   'C:\\Internship Time Logs\\feedforward\\Frontend\\node_modules\\mkdirp': 'C:\\Internship Time Logs\\feedforward\\Frontend\\node_modules\\.mkdirp-j63HFKru',
111 silly reify   'C:\\Internship Time Logs\\feedforward\\Frontend\\node_modules\\normalize-path': 'C:\\Internship Time Logs\\feedforward\\Frontend\\node_modules\\.normalize-path-rN3AN73H',
111 silly reify   'C:\\Internship Time Logs\\feedforward\\Frontend\\node_modules\\once': 'C:\\Internship Time Logs\\feedforward\\Frontend\\node_modules\\.once-vWCDVnkD',
111 silly reify   'C:\\Internship Time Logs\\feedforward\\Frontend\\node_modules\\pako': 'C:\\Internship Time Logs\\feedforward\\Frontend\\node_modules\\.pako-b03OdVEx',
111 silly reify   'C:\\Internship Time Logs\\feedforward\\Frontend\\node_modules\\path-is-absolute': 'C:\\Internship Time Logs\\feedforward\\Frontend\\node_modules\\.path-is-absolute-eJJc1wet',
111 silly reify   'C:\\Internship Time Logs\\feedforward\\Frontend\\node_modules\\performance-now': 'C:\\Internship Time Logs\\feedforward\\Frontend\\node_modules\\.performance-now-88h6IMun',
111 silly reify   'C:\\Internship Time Logs\\feedforward\\Frontend\\node_modules\\process-nextick-args': 'C:\\Internship Time Logs\\feedforward\\Frontend\\node_modules\\.process-nextick-args-Se5uYAyH',
111 silly reify   'C:\\Internship Time Logs\\feedforward\\Frontend\\node_modules\\raf': 'C:\\Internship Time Logs\\feedforward\\Frontend\\node_modules\\.raf-WJwcgiJp',
111 silly reify   'C:\\Internship Time Logs\\feedforward\\Frontend\\node_modules\\readable-stream': 'C:\\Internship Time Logs\\feedforward\\Frontend\\node_modules\\.readable-stream-yDfEccZs',
111 silly reify   'C:\\Internship Time Logs\\feedforward\\Frontend\\node_modules\\readdir-glob': 'C:\\Internship Time Logs\\feedforward\\Frontend\\node_modules\\.readdir-glob-M6iwrzHP',
111 silly reify   'C:\\Internship Time Logs\\feedforward\\Frontend\\node_modules\\regenerator-runtime': 'C:\\Internship Time Logs\\feedforward\\Frontend\\node_modules\\.regenerator-runtime-vbK44AHw',
111 silly reify   'C:\\Internship Time Logs\\feedforward\\Frontend\\node_modules\\rgbcolor': 'C:\\Internship Time Logs\\feedforward\\Frontend\\node_modules\\.rgbcolor-PgdnIKIQ',
111 silly reify   'C:\\Internship Time Logs\\feedforward\\Frontend\\node_modules\\rimraf': 'C:\\Internship Time Logs\\feedforward\\Frontend\\node_modules\\.rimraf-gRmg0XOU',
111 silly reify   'C:\\Internship Time Logs\\feedforward\\Frontend\\node_modules\\safe-buffer': 'C:\\Internship Time Logs\\feedforward\\Frontend\\node_modules\\.safe-buffer-pjPLzr0K',
111 silly reify   'C:\\Internship Time Logs\\feedforward\\Frontend\\node_modules\\saxes': 'C:\\Internship Time Logs\\feedforward\\Frontend\\node_modules\\.saxes-195b4VLm',
111 silly reify   'C:\\Internship Time Logs\\feedforward\\Frontend\\node_modules\\setimmediate': 'C:\\Internship Time Logs\\feedforward\\Frontend\\node_modules\\.setimmediate-ynYgWF2w',
111 silly reify   'C:\\Internship Time Logs\\feedforward\\Frontend\\node_modules\\stackblur-canvas': 'C:\\Internship Time Logs\\feedforward\\Frontend\\node_modules\\.stackblur-canvas-UbLg4XWx',
111 silly reify   'C:\\Internship Time Logs\\feedforward\\Frontend\\node_modules\\string_decoder': 'C:\\Internship Time Logs\\feedforward\\Frontend\\node_modules\\.string_decoder-U7EqJ3zE',
111 silly reify   'C:\\Internship Time Logs\\feedforward\\Frontend\\node_modules\\svg-pathdata': 'C:\\Internship Time Logs\\feedforward\\Frontend\\node_modules\\.svg-pathdata-8Ylp3pBJ',
111 silly reify   'C:\\Internship Time Logs\\feedforward\\Frontend\\node_modules\\text-segmentation': 'C:\\Internship Time Logs\\feedforward\\Frontend\\node_modules\\.text-segmentation-iwCibFso',
111 silly reify   'C:\\Internship Time Logs\\feedforward\\Frontend\\node_modules\\tar-stream': 'C:\\Internship Time Logs\\feedforward\\Frontend\\node_modules\\.tar-stream-5VEzo5XO',
111 silly reify   'C:\\Internship Time Logs\\feedforward\\Frontend\\node_modules\\tmp': 'C:\\Internship Time Logs\\feedforward\\Frontend\\node_modules\\.tmp-gYg1BgWy',
111 silly reify   'C:\\Internship Time Logs\\feedforward\\Frontend\\node_modules\\traverse': 'C:\\Internship Time Logs\\feedforward\\Frontend\\node_modules\\.traverse-4fxsuQOG',
111 silly reify   'C:\\Internship Time Logs\\feedforward\\Frontend\\node_modules\\unzipper': 'C:\\Internship Time Logs\\feedforward\\Frontend\\node_modules\\.unzipper-kLSB2jhD',
111 silly reify   'C:\\Internship Time Logs\\feedforward\\Frontend\\node_modules\\util-deprecate': 'C:\\Internship Time Logs\\feedforward\\Frontend\\node_modules\\.util-deprecate-lDIsKwA4',
111 silly reify   'C:\\Internship Time Logs\\feedforward\\Frontend\\node_modules\\uuid': 'C:\\Internship Time Logs\\feedforward\\Frontend\\node_modules\\.uuid-hwXh9g0E',
111 silly reify   'C:\\Internship Time Logs\\feedforward\\Frontend\\node_modules\\utrie': 'C:\\Internship Time Logs\\feedforward\\Frontend\\node_modules\\.utrie-OdJ6WK5c',
111 silly reify   'C:\\Internship Time Logs\\feedforward\\Frontend\\node_modules\\wrappy': 'C:\\Internship Time Logs\\feedforward\\Frontend\\node_modules\\.wrappy-v7DiRqLk',
111 silly reify   'C:\\Internship Time Logs\\feedforward\\Frontend\\node_modules\\xmlchars': 'C:\\Internship Time Logs\\feedforward\\Frontend\\node_modules\\.xmlchars-3JvtqSqf',
111 silly reify   'C:\\Internship Time Logs\\feedforward\\Frontend\\node_modules\\zip-stream': 'C:\\Internship Time Logs\\feedforward\\Frontend\\node_modules\\.zip-stream-45Fi92wE',
111 silly reify   'C:\\Internship Time Logs\\feedforward\\Frontend\\node_modules\\@babel\\runtime': 'C:\\Internship Time Logs\\feedforward\\Frontend\\node_modules\\@babel\\.runtime-c2jE4vLC',
111 silly reify   'C:\\Internship Time Logs\\feedforward\\Frontend\\node_modules\\@fast-csv\\parse': 'C:\\Internship Time Logs\\feedforward\\Frontend\\node_modules\\@fast-csv\\.parse-aRXUtTJ9',
111 silly reify   'C:\\Internship Time Logs\\feedforward\\Frontend\\node_modules\\@fast-csv\\format': 'C:\\Internship Time Logs\\feedforward\\Frontend\\node_modules\\@fast-csv\\.format-zp4VNG2F',
111 silly reify   'C:\\Internship Time Logs\\feedforward\\Frontend\\node_modules\\@types\\trusted-types': 'C:\\Internship Time Logs\\feedforward\\Frontend\\node_modules\\@types\\.trusted-types-khWG6xhE',
111 silly reify   'C:\\Internship Time Logs\\feedforward\\Frontend\\node_modules\\@types\\raf': 'C:\\Internship Time Logs\\feedforward\\Frontend\\node_modules\\@types\\.raf-3I7ty3zN',
111 silly reify   'C:\\Internship Time Logs\\feedforward\\Frontend\\node_modules\\@types\\pako': 'C:\\Internship Time Logs\\feedforward\\Frontend\\node_modules\\@types\\.pako-srzeE3xn'
111 silly reify }
112 silly audit bulk request {
112 silly audit   '@alloc/quick-lru': [ '5.2.0' ],
112 silly audit   '@babel/code-frame': [ '7.29.0' ],
112 silly audit   '@babel/compat-data': [ '7.29.0' ],
112 silly audit   '@babel/core': [ '7.29.0' ],
112 silly audit   '@babel/generator': [ '7.29.1' ],
112 silly audit   '@babel/helper-compilation-targets': [ '7.28.6' ],
112 silly audit   '@babel/helper-globals': [ '7.28.0' ],
112 silly audit   '@babel/helper-module-imports': [ '7.28.6' ],
112 silly audit   '@babel/helper-module-transforms': [ '7.28.6' ],
112 silly audit   '@babel/helper-string-parser': [ '7.27.1' ],
112 silly audit   '@babel/helper-validator-identifier': [ '7.28.5' ],
112 silly audit   '@babel/helper-validator-option': [ '7.27.1' ],
112 silly audit   '@babel/helpers': [ '7.28.6' ],
112 silly audit   '@babel/parser': [ '7.29.0' ],
112 silly audit   '@babel/runtime': [ '7.28.6' ],
112 silly audit   '@babel/template': [ '7.28.6' ],
112 silly audit   '@babel/traverse': [ '7.29.0' ],
112 silly audit   '@babel/types': [ '7.29.0' ],
112 silly audit   '@date-fns/tz': [ '1.4.1' ],
112 silly audit   '@emnapi/core': [ '1.8.1' ],
112 silly audit   '@emnapi/runtime': [ '1.8.1' ],
112 silly audit   '@emnapi/wasi-threads': [ '1.1.0' ],
112 silly audit   '@eslint-community/eslint-utils': [ '4.9.1' ],
112 silly audit   'eslint-visitor-keys': [ '3.4.3', '5.0.1', '4.2.1' ],
112 silly audit   '@eslint-community/regexpp': [ '4.12.2' ],
112 silly audit   '@eslint/config-array': [ '0.21.1' ],
112 silly audit   '@eslint/config-helpers': [ '0.4.2' ],
112 silly audit   '@eslint/core': [ '0.17.0' ],
112 silly audit   '@eslint/eslintrc': [ '3.3.4' ],
112 silly audit   '@eslint/js': [ '9.39.3' ],
112 silly audit   '@eslint/object-schema': [ '2.1.7' ],
112 silly audit   '@eslint/plugin-kit': [ '0.4.1' ],
112 silly audit   '@fast-csv/format': [ '4.3.5' ],
112 silly audit   '@types/node': [ '14.18.63', '20.19.35' ],
112 silly audit   '@fast-csv/parse': [ '4.3.6' ],
112 silly audit   '@floating-ui/core': [ '1.7.4' ],
112 silly audit   '@floating-ui/dom': [ '1.7.5' ],
112 silly audit   '@floating-ui/react-dom': [ '2.1.7' ],
112 silly audit   '@floating-ui/utils': [ '0.2.10' ],
112 silly audit   '@humanfs/core': [ '0.19.1' ],
112 silly audit   '@humanfs/node': [ '0.16.7' ],
112 silly audit   '@humanwhocodes/module-importer': [ '1.0.1' ],
112 silly audit   '@humanwhocodes/retry': [ '0.4.3' ],
112 silly audit   '@img/colour': [ '1.0.0' ],
112 silly audit   '@img/sharp-darwin-arm64': [ '0.34.5' ],
112 silly audit   '@img/sharp-darwin-x64': [ '0.34.5' ],
112 silly audit   '@img/sharp-libvips-darwin-arm64': [ '1.2.4' ],
112 silly audit   '@img/sharp-libvips-darwin-x64': [ '1.2.4' ],
112 silly audit   '@img/sharp-libvips-linux-arm': [ '1.2.4' ],
112 silly audit   '@img/sharp-libvips-linux-arm64': [ '1.2.4' ],
112 silly audit   '@img/sharp-libvips-linux-ppc64': [ '1.2.4' ],
112 silly audit   '@img/sharp-libvips-linux-riscv64': [ '1.2.4' ],
112 silly audit   '@img/sharp-libvips-linux-s390x': [ '1.2.4' ],
112 silly audit   '@img/sharp-libvips-linux-x64': [ '1.2.4' ],
112 silly audit   '@img/sharp-libvips-linuxmusl-arm64': [ '1.2.4' ],
112 silly audit   '@img/sharp-libvips-linuxmusl-x64': [ '1.2.4' ],
112 silly audit   '@img/sharp-linux-arm': [ '0.34.5' ],
112 silly audit   '@img/sharp-linux-arm64': [ '0.34.5' ],
112 silly audit   '@img/sharp-linux-ppc64': [ '0.34.5' ],
112 silly audit   '@img/sharp-linux-riscv64': [ '0.34.5' ],
112 silly audit   '@img/sharp-linux-s390x': [ '0.34.5' ],
112 silly audit   '@img/sharp-linux-x64': [ '0.34.5' ],
112 silly audit   '@img/sharp-linuxmusl-arm64': [ '0.34.5' ],
112 silly audit   '@img/sharp-linuxmusl-x64': [ '0.34.5' ],
112 silly audit   '@img/sharp-wasm32': [ '0.34.5' ],
112 silly audit   '@img/sharp-win32-arm64': [ '0.34.5' ],
112 silly audit   '@img/sharp-win32-ia32': [ '0.34.5' ],
112 silly audit   '@img/sharp-win32-x64': [ '0.34.5' ],
112 silly audit   '@jridgewell/gen-mapping': [ '0.3.13' ],
112 silly audit   '@jridgewell/remapping': [ '2.3.5' ],
112 silly audit   '@jridgewell/resolve-uri': [ '3.1.2' ],
112 silly audit   '@jridgewell/sourcemap-codec': [ '1.5.5' ],
112 silly audit   '@jridgewell/trace-mapping': [ '0.3.31' ],
112 silly audit   '@napi-rs/wasm-runtime': [ '0.2.12' ],
112 silly audit   '@next/env': [ '16.1.6' ],
112 silly audit   '@next/eslint-plugin-next': [ '16.1.6' ],
112 silly audit   '@next/swc-darwin-arm64': [ '16.1.6' ],
112 silly audit   '@next/swc-darwin-x64': [ '16.1.6' ],
112 silly audit   '@next/swc-linux-arm64-gnu': [ '16.1.6' ],
112 silly audit   '@next/swc-linux-arm64-musl': [ '16.1.6' ],
112 silly audit   '@next/swc-linux-x64-gnu': [ '16.1.6' ],
112 silly audit   '@next/swc-linux-x64-musl': [ '16.1.6' ],
112 silly audit   '@next/swc-win32-arm64-msvc': [ '16.1.6' ],
112 silly audit   '@next/swc-win32-x64-msvc': [ '16.1.6' ],
112 silly audit   '@nodelib/fs.scandir': [ '2.1.5' ],
112 silly audit   '@nodelib/fs.stat': [ '2.0.5' ],
112 silly audit   '@nodelib/fs.walk': [ '1.2.8' ],
112 silly audit   '@nolyfill/is-core-module': [ '1.0.39' ],
112 silly audit   '@radix-ui/number': [ '1.1.1' ],
112 silly audit   '@radix-ui/primitive': [ '1.1.3' ],
112 silly audit   '@radix-ui/react-accordion': [ '1.2.12' ],
112 silly audit   '@radix-ui/react-alert-dialog': [ '1.1.15' ],
112 silly audit   '@radix-ui/react-slot': [ '1.2.3', '1.2.4' ],
112 silly audit   '@radix-ui/react-arrow': [ '1.1.7' ],
112 silly audit   '@radix-ui/react-aspect-ratio': [ '1.1.8' ],
112 silly audit   '@radix-ui/react-primitive': [ '2.1.4', '2.1.3' ],
112 silly audit   '@radix-ui/react-avatar': [ '1.1.11' ],
112 silly audit   '@radix-ui/react-context': [ '1.1.3', '1.1.2' ],
112 silly audit   '@radix-ui/react-checkbox': [ '1.3.3' ],
112 silly audit   '@radix-ui/react-collapsible': [ '1.1.12' ],
112 silly audit   '@radix-ui/react-collection': [ '1.1.7' ],
112 silly audit   '@radix-ui/react-compose-refs': [ '1.1.2' ],
112 silly audit   '@radix-ui/react-context-menu': [ '2.2.16' ],
112 silly audit   '@radix-ui/react-dialog': [ '1.1.15' ],
112 silly audit   '@radix-ui/react-direction': [ '1.1.1' ],
112 silly audit   '@radix-ui/react-dismissable-layer': [ '1.1.11' ],
112 silly audit   '@radix-ui/react-dropdown-menu': [ '2.1.16' ],
112 silly audit   '@radix-ui/react-focus-guards': [ '1.1.3' ],
112 silly audit   '@radix-ui/react-focus-scope': [ '1.1.7' ],
112 silly audit   '@radix-ui/react-hover-card': [ '1.1.15' ],
112 silly audit   '@radix-ui/react-id': [ '1.1.1' ],
112 silly audit   '@radix-ui/react-label': [ '2.1.8' ],
112 silly audit   '@radix-ui/react-menu': [ '2.1.16' ],
112 silly audit   '@radix-ui/react-menubar': [ '1.1.16' ],
112 silly audit   '@radix-ui/react-navigation-menu': [ '1.2.14' ],
112 silly audit   '@radix-ui/react-popover': [ '1.1.15' ],
112 silly audit   '@radix-ui/react-popper': [ '1.2.8' ],
112 silly audit   '@radix-ui/react-portal': [ '1.1.9' ],
112 silly audit   '@radix-ui/react-presence': [ '1.1.5' ],
112 silly audit   '@radix-ui/react-progress': [ '1.1.8' ],
112 silly audit   '@radix-ui/react-radio-group': [ '1.3.8' ],
112 silly audit   '@radix-ui/react-roving-focus': [ '1.1.11' ],
112 silly audit   '@radix-ui/react-scroll-area': [ '1.2.10' ],
112 silly audit   '@radix-ui/react-select': [ '2.2.6' ],
112 silly audit   '@radix-ui/react-separator': [ '1.1.8' ],
112 silly audit   '@radix-ui/react-slider': [ '1.3.6' ],
112 silly audit   '@radix-ui/react-switch': [ '1.2.6' ],
112 silly audit   '@radix-ui/react-tabs': [ '1.1.13' ],
112 silly audit   '@radix-ui/react-toggle': [ '1.1.10' ],
112 silly audit   '@radix-ui/react-toggle-group': [ '1.1.11' ],
112 silly audit   '@radix-ui/react-tooltip': [ '1.2.8' ],
112 silly audit   '@radix-ui/react-use-callback-ref': [ '1.1.1' ],
112 silly audit   '@radix-ui/react-use-controllable-state': [ '1.2.2' ],
112 silly audit   '@radix-ui/react-use-effect-event': [ '0.0.2' ],
112 silly audit   '@radix-ui/react-use-escape-keydown': [ '1.1.1' ],
112 silly audit   '@radix-ui/react-use-is-hydrated': [ '0.1.0' ],
112 silly audit   '@radix-ui/react-use-layout-effect': [ '1.1.1' ],
112 silly audit   '@radix-ui/react-use-previous': [ '1.1.1' ],
112 silly audit   '@radix-ui/react-use-rect': [ '1.1.1' ],
112 silly audit   '@radix-ui/react-use-size': [ '1.1.1' ],
112 silly audit   '@radix-ui/react-visually-hidden': [ '1.2.3' ],
112 silly audit   '@radix-ui/rect': [ '1.1.1' ],
112 silly audit   '@reduxjs/toolkit': [ '2.11.2' ],
112 silly audit   immer: [ '11.1.4', '10.2.0' ],
112 silly audit   '@rtsao/scc': [ '1.1.0' ],
112 silly audit   '@standard-schema/spec': [ '1.1.0' ],
112 silly audit   '@standard-schema/utils': [ '0.3.0' ],
112 silly audit   '@swc/helpers': [ '0.5.15' ],
112 silly audit   '@tabby_ai/hijri-converter': [ '1.0.5' ],
112 silly audit   '@tailwindcss/node': [ '4.2.1' ],
112 silly audit   '@tailwindcss/oxide': [ '4.2.1' ],
112 silly audit   '@tailwindcss/oxide-android-arm64': [ '4.2.1' ],
112 silly audit   '@tailwindcss/oxide-darwin-arm64': [ '4.2.1' ],
112 silly audit   '@tailwindcss/oxide-darwin-x64': [ '4.2.1' ],
112 silly audit   '@tailwindcss/oxide-freebsd-x64': [ '4.2.1' ],
112 silly audit   '@tailwindcss/oxide-linux-arm-gnueabihf': [ '4.2.1' ],
112 silly audit   '@tailwindcss/oxide-linux-arm64-gnu': [ '4.2.1' ],
112 silly audit   '@tailwindcss/oxide-linux-arm64-musl': [ '4.2.1' ],
112 silly audit   '@tailwindcss/oxide-linux-x64-gnu': [ '4.2.1' ],
112 silly audit   '@tailwindcss/oxide-linux-x64-musl': [ '4.2.1' ],
112 silly audit   '@tailwindcss/oxide-wasm32-wasi': [ '4.2.1' ],
112 silly audit   '@tailwindcss/oxide-win32-arm64-msvc': [ '4.2.1' ],
112 silly audit   '@tailwindcss/oxide-win32-x64-msvc': [ '4.2.1' ],
112 silly audit   '@tailwindcss/postcss': [ '4.2.1' ],
112 silly audit   '@tybys/wasm-util': [ '0.10.1' ],
112 silly audit   '@types/d3-array': [ '3.2.2' ],
112 silly audit   '@types/d3-color': [ '3.1.3' ],
112 silly audit   '@types/d3-ease': [ '3.0.2' ],
112 silly audit   '@types/d3-interpolate': [ '3.0.4' ],
112 silly audit   '@types/d3-path': [ '3.1.1' ],
112 silly audit   '@types/d3-scale': [ '4.0.9' ],
112 silly audit   '@types/d3-shape': [ '3.1.8' ],
112 silly audit   '@types/d3-time': [ '3.0.4' ],
112 silly audit   '@types/d3-timer': [ '3.0.2' ],
112 silly audit   '@types/estree': [ '1.0.8' ],
112 silly audit   '@types/json-schema': [ '7.0.15' ],
112 silly audit   '@types/json5': [ '0.0.29' ],
112 silly audit   '@types/pako': [ '2.0.4' ],
112 silly audit   '@types/raf': [ '3.4.3' ],
112 silly audit   '@types/react': [ '19.2.14' ],
112 silly audit   '@types/react-dom': [ '19.2.3' ],
112 silly audit   '@types/trusted-types': [ '2.0.7' ],
112 silly audit   '@types/use-sync-external-store': [ '0.0.6' ],
112 silly audit   '@typescript-eslint/eslint-plugin': [ '8.56.1' ],
112 silly audit   ignore: [ '7.0.5', '5.3.2' ],
112 silly audit   '@typescript-eslint/parser': [ '8.56.1' ],
112 silly audit   '@typescript-eslint/project-service': [ '8.56.1' ],
112 silly audit   '@typescript-eslint/scope-manager': [ '8.56.1' ],
112 silly audit   '@typescript-eslint/tsconfig-utils': [ '8.56.1' ],
112 silly audit   '@typescript-eslint/type-utils': [ '8.56.1' ],
112 silly audit   '@typescript-eslint/types': [ '8.56.1' ],
112 silly audit   '@typescript-eslint/typescript-estree': [ '8.56.1' ],
112 silly audit   'balanced-match': [ '4.0.4', '1.0.2' ],
112 silly audit   'brace-expansion': [ '5.0.3', '1.1.12', '2.0.2' ],
112 silly audit   minimatch: [ '10.2.4', '3.1.5', '5.1.9' ],
112 silly audit   semver: [ '7.7.4', '6.3.1' ],
112 silly audit   '@typescript-eslint/utils': [ '8.56.1' ],
112 silly audit   '@typescript-eslint/visitor-keys': [ '8.56.1' ],
112 silly audit   '@unrs/resolver-binding-android-arm-eabi': [ '1.11.1' ],
112 silly audit   '@unrs/resolver-binding-android-arm64': [ '1.11.1' ],
112 silly audit   '@unrs/resolver-binding-darwin-arm64': [ '1.11.1' ],
112 silly audit   '@unrs/resolver-binding-darwin-x64': [ '1.11.1' ],
112 silly audit   '@unrs/resolver-binding-freebsd-x64': [ '1.11.1' ],
112 silly audit   '@unrs/resolver-binding-linux-arm-gnueabihf': [ '1.11.1' ],
112 silly audit   '@unrs/resolver-binding-linux-arm-musleabihf': [ '1.11.1' ],
112 silly audit   '@unrs/resolver-binding-linux-arm64-gnu': [ '1.11.1' ],
112 silly audit   '@unrs/resolver-binding-linux-arm64-musl': [ '1.11.1' ],
112 silly audit   '@unrs/resolver-binding-linux-ppc64-gnu': [ '1.11.1' ],
112 silly audit   '@unrs/resolver-binding-linux-riscv64-gnu': [ '1.11.1' ],
112 silly audit   '@unrs/resolver-binding-linux-riscv64-musl': [ '1.11.1' ],
112 silly audit   '@unrs/resolver-binding-linux-s390x-gnu': [ '1.11.1' ],
112 silly audit   '@unrs/resolver-binding-linux-x64-gnu': [ '1.11.1' ],
112 silly audit   '@unrs/resolver-binding-linux-x64-musl': [ '1.11.1' ],
112 silly audit   '@unrs/resolver-binding-wasm32-wasi': [ '1.11.1' ],
112 silly audit   '@unrs/resolver-binding-win32-arm64-msvc': [ '1.11.1' ],
112 silly audit   '@unrs/resolver-binding-win32-ia32-msvc': [ '1.11.1' ],
112 silly audit   '@unrs/resolver-binding-win32-x64-msvc': [ '1.11.1' ],
112 silly audit   acorn: [ '8.16.0' ],
112 silly audit   'acorn-jsx': [ '5.3.2' ],
112 silly audit   ajv: [ '6.14.0' ],
112 silly audit   'ansi-styles': [ '4.3.0' ],
112 silly audit   archiver: [ '5.3.2' ],
112 silly audit   'archiver-utils': [ '2.1.0', '3.0.4' ],
112 silly audit   isarray: [ '1.0.0', '2.0.5' ],
112 silly audit   'readable-stream': [ '2.3.8', '3.6.2' ],
112 silly audit   'safe-buffer': [ '5.1.2', '5.2.1' ],
112 silly audit   string_decoder: [ '1.1.1', '1.3.0' ],
112 silly audit   argparse: [ '2.0.1' ],
112 silly audit   'aria-hidden': [ '1.2.6' ],
112 silly audit   'aria-query': [ '5.3.2' ],
112 silly audit   'array-buffer-byte-length': [ '1.0.2' ],
112 silly audit   'array-includes': [ '3.1.9' ],
112 silly audit   'array.prototype.findlast': [ '1.2.5' ],
112 silly audit   'array.prototype.findlastindex': [ '1.2.6' ],
112 silly audit   'array.prototype.flat': [ '1.3.3' ],
112 silly audit   'array.prototype.flatmap': [ '1.3.3' ],
112 silly audit   'array.prototype.tosorted': [ '1.1.4' ],
112 silly audit   'arraybuffer.prototype.slice': [ '1.0.4' ],
112 silly audit   'ast-types-flow': [ '0.0.8' ],
112 silly audit   async: [ '3.2.6' ],
112 silly audit   'async-function': [ '1.0.0' ],
112 silly audit   autoprefixer: [ '10.4.27' ],
112 silly audit   'available-typed-arrays': [ '1.0.7' ],
112 silly audit   'axe-core': [ '4.11.1' ],
112 silly audit   'axobject-query': [ '4.1.0' ],
112 silly audit   'base64-arraybuffer': [ '1.0.2' ],
112 silly audit   'base64-js': [ '1.5.1' ],
112 silly audit   'baseline-browser-mapping': [ '2.10.0' ],
112 silly audit   'big-integer': [ '1.6.52' ],
112 silly audit   binary: [ '0.3.0' ],
112 silly audit   bl: [ '4.1.0' ],
112 silly audit   bluebird: [ '3.4.7' ],
112 silly audit   braces: [ '3.0.3' ],
112 silly audit   browserslist: [ '4.28.1' ],
112 silly audit   buffer: [ '5.7.1' ],
112 silly audit   'buffer-crc32': [ '0.2.13' ],
112 silly audit   'buffer-indexof-polyfill': [ '1.0.2' ],
112 silly audit   buffers: [ '0.1.1' ],
112 silly audit   'call-bind': [ '1.0.8' ],
112 silly audit   'call-bind-apply-helpers': [ '1.0.2' ],
112 silly audit   'call-bound': [ '1.0.4' ],
112 silly audit   callsites: [ '3.1.0' ],
112 silly audit   'caniuse-lite': [ '1.0.30001774' ],
112 silly audit   canvg: [ '3.0.11' ],
112 silly audit   chainsaw: [ '0.1.0' ],
112 silly audit   chalk: [ '4.1.2' ],
112 silly audit   'class-variance-authority': [ '0.7.1' ],
112 silly audit   'client-only': [ '0.0.1' ],
112 silly audit   clsx: [ '2.1.1' ],
112 silly audit   cmdk: [ '1.1.1' ],
112 silly audit   'color-convert': [ '2.0.1' ],
112 silly audit   'color-name': [ '1.1.4' ],
112 silly audit   'compress-commons': [ '4.1.2' ],
112 silly audit   'concat-map': [ '0.0.1' ],
112 silly audit   'convert-source-map': [ '2.0.0' ],
112 silly audit   'core-js': [ '3.48.0' ],
112 silly audit   'core-util-is': [ '1.0.3' ],
112 silly audit   'crc-32': [ '1.2.2' ],
112 silly audit   'crc32-stream': [ '4.0.3' ],
112 silly audit   'cross-spawn': [ '7.0.6' ],
112 silly audit   'css-line-break': [ '2.1.0' ],
112 silly audit   csstype: [ '3.2.3' ],
112 silly audit   'd3-array': [ '3.2.4' ],
112 silly audit   'd3-color': [ '3.1.0' ],
112 silly audit   'd3-ease': [ '3.0.1' ],
112 silly audit   'd3-format': [ '3.1.2' ],
112 silly audit   'd3-interpolate': [ '3.0.1' ],
112 silly audit   'd3-path': [ '3.1.0' ],
112 silly audit   'd3-scale': [ '4.0.2' ],
112 silly audit   'd3-shape': [ '3.2.0' ],
112 silly audit   'd3-time': [ '3.1.0' ],
112 silly audit   'd3-time-format': [ '4.1.0' ],
112 silly audit   'd3-timer': [ '3.0.1' ],
112 silly audit   'damerau-levenshtein': [ '1.0.8' ],
112 silly audit   'data-view-buffer': [ '1.0.2' ],
112 silly audit   'data-view-byte-length': [ '1.0.2' ],
112 silly audit   'data-view-byte-offset': [ '1.0.1' ],
112 silly audit   'date-fns': [ '4.1.0' ],
112 silly audit   'date-fns-jalali': [ '4.1.0-0' ],
112 silly audit   dayjs: [ '1.11.20' ],
112 silly audit   debug: [ '4.4.3', '3.2.7' ],
112 silly audit   'decimal.js-light': [ '2.5.1' ],
112 silly audit   'deep-is': [ '0.1.4' ],
112 silly audit   'define-data-property': [ '1.1.4' ],
112 silly audit   'define-properties': [ '1.2.1' ],
112 silly audit   'detect-libc': [ '2.1.2' ],
112 silly audit   'detect-node-es': [ '1.1.0' ],
112 silly audit   doctrine: [ '2.1.0' ],
112 silly audit   dompurify: [ '3.3.3' ],
112 silly audit   'dunder-proto': [ '1.0.1' ],
112 silly audit   duplexer2: [ '0.1.4' ],
112 silly audit   'electron-to-chromium': [ '1.5.302' ],
112 silly audit   'embla-carousel': [ '8.6.0' ],
112 silly audit   'embla-carousel-react': [ '8.6.0' ],
112 silly audit   'embla-carousel-reactive-utils': [ '8.6.0' ],
112 silly audit   'emoji-regex': [ '9.2.2' ],
112 silly audit   'end-of-stream': [ '1.4.5' ],
112 silly audit   'enhanced-resolve': [ '5.19.0' ],
112 silly audit   'es-abstract': [ '1.24.1' ],
112 silly audit   'es-define-property': [ '1.0.1' ],
112 silly audit   'es-errors': [ '1.3.0' ],
112 silly audit   'es-iterator-helpers': [ '1.2.2' ],
112 silly audit   'es-object-atoms': [ '1.1.1' ],
112 silly audit   'es-set-tostringtag': [ '2.1.0' ],
112 silly audit   'es-shim-unscopables': [ '1.1.0' ],
112 silly audit   'es-to-primitive': [ '1.3.0' ],
112 silly audit   'es-toolkit': [ '1.44.0' ],
112 silly audit   escalade: [ '3.2.0' ],
112 silly audit   'escape-string-regexp': [ '4.0.0' ],
112 silly audit   eslint: [ '9.39.3' ],
112 silly audit   'eslint-config-next': [ '16.1.6' ],
112 silly audit   globals: [ '16.4.0', '14.0.0' ],
112 silly audit   'eslint-import-resolver-node': [ '0.3.9' ],
112 silly audit   'eslint-import-resolver-typescript': [ '3.10.1' ],
112 silly audit   'eslint-module-utils': [ '2.12.1' ],
112 silly audit   'eslint-plugin-import': [ '2.32.0' ],
112 silly audit   'eslint-plugin-jsx-a11y': [ '6.10.2' ],
112 silly audit   'eslint-plugin-react': [ '7.37.5' ],
112 silly audit   'eslint-plugin-react-hooks': [ '7.0.1' ],
112 silly audit   resolve: [ '2.0.0-next.6', '1.22.11' ],
112 silly audit   'eslint-scope': [ '8.4.0' ],
112 silly audit   espree: [ '10.4.0' ],
112 silly audit   esquery: [ '1.7.0' ],
112 silly audit   esrecurse: [ '4.3.0' ],
112 silly audit   estraverse: [ '5.3.0' ],
112 silly audit   esutils: [ '2.0.3' ],
112 silly audit   eventemitter3: [ '5.0.4' ],
112 silly audit   exceljs: [ '4.4.0' ],
112 silly audit   'fast-csv': [ '4.3.6' ],
112 silly audit   'fast-deep-equal': [ '3.1.3' ],
112 silly audit   'fast-glob': [ '3.3.1' ],
112 silly audit   'glob-parent': [ '5.1.2', '6.0.2' ],
112 silly audit   'fast-json-stable-stringify': [ '2.1.0' ],
112 silly audit   'fast-levenshtein': [ '2.0.6' ],
112 silly audit   'fast-png': [ '6.4.0' ],
112 silly audit   fastq: [ '1.20.1' ],
112 silly audit   fflate: [ '0.8.2' ],
112 silly audit   'file-entry-cache': [ '8.0.0' ],
112 silly audit   'fill-range': [ '7.1.1' ],
112 silly audit   'find-up': [ '5.0.0' ],
112 silly audit   'flat-cache': [ '4.0.1' ],
112 silly audit   flatted: [ '3.4.1' ],
112 silly audit   'for-each': [ '0.3.5' ],
112 silly audit   'fraction.js': [ '5.3.4' ],
112 silly audit   'fs-constants': [ '1.0.0' ],
112 silly audit   'fs.realpath': [ '1.0.0' ],
112 silly audit   fstream: [ '1.0.12' ],
112 silly audit   'function-bind': [ '1.1.2' ],
112 silly audit   'function.prototype.name': [ '1.1.8' ],
112 silly audit   'functions-have-names': [ '1.2.3' ],
112 silly audit   'generator-function': [ '2.0.1' ],
112 silly audit   gensync: [ '1.0.0-beta.2' ],
112 silly audit   'get-intrinsic': [ '1.3.0' ],
112 silly audit   'get-nonce': [ '1.0.1' ],
112 silly audit   'get-proto': [ '1.0.1' ],
112 silly audit   'get-symbol-description': [ '1.1.0' ],
112 silly audit   'get-tsconfig': [ '4.13.6' ],
112 silly audit   glob: [ '7.2.3' ],
112 silly audit   globalthis: [ '1.0.4' ],
112 silly audit   gopd: [ '1.2.0' ],
112 silly audit   'graceful-fs': [ '4.2.11' ],
112 silly audit   'has-bigints': [ '1.1.0' ],
112 silly audit   'has-flag': [ '4.0.0' ],
112 silly audit   'has-property-descriptors': [ '1.0.2' ],
112 silly audit   'has-proto': [ '1.2.0' ],
112 silly audit   'has-symbols': [ '1.1.0' ],
112 silly audit   'has-tostringtag': [ '1.0.2' ],
112 silly audit   hasown: [ '2.0.2' ],
112 silly audit   'hermes-estree': [ '0.25.1' ],
112 silly audit   'hermes-parser': [ '0.25.1' ],
112 silly audit   html2canvas: [ '1.4.1' ],
112 silly audit   ieee754: [ '1.2.1' ],
112 silly audit   immediate: [ '3.0.6' ],
112 silly audit   'import-fresh': [ '3.3.1' ],
112 silly audit   imurmurhash: [ '0.1.4' ],
112 silly audit   inflight: [ '1.0.6' ],
112 silly audit   inherits: [ '2.0.4' ],
112 silly audit   'input-otp': [ '1.4.2' ],
112 silly audit   'internal-slot': [ '1.1.0' ],
112 silly audit   internmap: [ '2.0.3' ],
112 silly audit   iobuffer: [ '5.4.0' ],
112 silly audit   'is-array-buffer': [ '3.0.5' ],
112 silly audit   'is-async-function': [ '2.1.1' ],
112 silly audit   'is-bigint': [ '1.1.0' ],
112 silly audit   'is-boolean-object': [ '1.2.2' ],
112 silly audit   'is-bun-module': [ '2.0.0' ],
112 silly audit   'is-callable': [ '1.2.7' ],
112 silly audit   'is-core-module': [ '2.16.1' ],
112 silly audit   'is-data-view': [ '1.0.2' ],
112 silly audit   'is-date-object': [ '1.1.0' ],
112 silly audit   'is-extglob': [ '2.1.1' ],
112 silly audit   'is-finalizationregistry': [ '1.1.1' ],
112 silly audit   'is-generator-function': [ '1.1.2' ],
112 silly audit   'is-glob': [ '4.0.3' ],
112 silly audit   'is-map': [ '2.0.3' ],
112 silly audit   'is-negative-zero': [ '2.0.3' ],
112 silly audit   'is-number': [ '7.0.0' ],
112 silly audit   'is-number-object': [ '1.1.1' ],
112 silly audit   'is-regex': [ '1.2.1' ],
112 silly audit   'is-set': [ '2.0.3' ],
112 silly audit   'is-shared-array-buffer': [ '1.0.4' ],
112 silly audit   'is-string': [ '1.1.1' ],
112 silly audit   'is-symbol': [ '1.1.1' ],
112 silly audit   'is-typed-array': [ '1.1.15' ],
112 silly audit   'is-weakmap': [ '2.0.2' ],
112 silly audit   'is-weakref': [ '1.1.1' ],
112 silly audit   'is-weakset': [ '2.0.4' ],
112 silly audit   isexe: [ '2.0.0' ],
112 silly audit   'iterator.prototype': [ '1.1.5' ],
112 silly audit   jiti: [ '2.6.1' ],
112 silly audit   'js-tokens': [ '4.0.0' ],
112 silly audit   'js-yaml': [ '4.1.1' ],
112 silly audit   jsesc: [ '3.1.0' ],
112 silly audit   'json-buffer': [ '3.0.1' ],
112 silly audit   'json-schema-traverse': [ '0.4.1' ],
112 silly audit   'json-stable-stringify-without-jsonify': [ '1.0.1' ],
112 silly audit   json5: [ '2.2.3', '1.0.2' ],
112 silly audit   jspdf: [ '4.2.0' ],
112 silly audit   'jspdf-autotable': [ '5.0.7' ],
112 silly audit   'jsx-ast-utils': [ '3.3.5' ],
112 silly audit   jszip: [ '3.10.1' ],
112 silly audit   pako: [ '1.0.11', '2.1.0' ],
112 silly audit   keyv: [ '4.5.4' ],
112 silly audit   'language-subtag-registry': [ '0.3.23' ],
112 silly audit   'language-tags': [ '1.0.9' ],
112 silly audit   lazystream: [ '1.0.1' ],
112 silly audit   levn: [ '0.4.1' ],
112 silly audit   lie: [ '3.3.0' ],
112 silly audit   lightningcss: [ '1.31.1' ],
112 silly audit   'lightningcss-android-arm64': [ '1.31.1' ],
112 silly audit   'lightningcss-darwin-arm64': [ '1.31.1' ],
112 silly audit   'lightningcss-darwin-x64': [ '1.31.1' ],
112 silly audit   'lightningcss-freebsd-x64': [ '1.31.1' ],
112 silly audit   'lightningcss-linux-arm-gnueabihf': [ '1.31.1' ],
112 silly audit   'lightningcss-linux-arm64-gnu': [ '1.31.1' ],
112 silly audit   'lightningcss-linux-arm64-musl': [ '1.31.1' ],
112 silly audit   'lightningcss-linux-x64-gnu': [ '1.31.1' ],
112 silly audit   'lightningcss-linux-x64-musl': [ '1.31.1' ],
112 silly audit   'lightningcss-win32-arm64-msvc': [ '1.31.1' ],
112 silly audit   'lightningcss-win32-x64-msvc': [ '1.31.1' ],
112 silly audit   listenercount: [ '1.0.1' ],
112 silly audit   'locate-path': [ '6.0.0' ],
112 silly audit   'lodash.defaults': [ '4.2.0' ],
112 silly audit   'lodash.difference': [ '4.5.0' ],
112 silly audit   'lodash.escaperegexp': [ '4.1.2' ],
112 silly audit   'lodash.flatten': [ '4.4.0' ],
112 silly audit   'lodash.groupby': [ '4.6.0' ],
112 silly audit   'lodash.isboolean': [ '3.0.3' ],
112 silly audit   'lodash.isequal': [ '4.5.0' ],
112 silly audit   'lodash.isfunction': [ '3.0.9' ],
112 silly audit   'lodash.isnil': [ '4.0.0' ],
112 silly audit   'lodash.isplainobject': [ '4.0.6' ],
112 silly audit   'lodash.isundefined': [ '3.0.1' ],
112 silly audit   'lodash.merge': [ '4.6.2' ],
112 silly audit   'lodash.union': [ '4.6.0' ],
112 silly audit   'lodash.uniq': [ '4.5.0' ],
112 silly audit   'loose-envify': [ '1.4.0' ],
112 silly audit   'lru-cache': [ '5.1.1' ],
112 silly audit   'lucide-react': [ '0.575.0' ],
112 silly audit   'magic-string': [ '0.30.21' ],
112 silly audit   'math-intrinsics': [ '1.1.0' ],
112 silly audit   merge2: [ '1.4.1' ],
112 silly audit   micromatch: [ '4.0.8' ],
112 silly audit   minimist: [ '1.2.8' ],
112 silly audit   mkdirp: [ '0.5.6' ],
112 silly audit   ms: [ '2.1.3' ],
112 silly audit   nanoid: [ '3.3.11' ],
112 silly audit   'napi-postinstall': [ '0.3.4' ],
112 silly audit   'natural-compare': [ '1.4.0' ],
112 silly audit   next: [ '16.1.6' ],
112 silly audit   'next-themes': [ '0.4.6' ],
112 silly audit   postcss: [ '8.4.31', '8.5.6' ],
112 silly audit   'node-exports-info': [ '1.6.0' ],
112 silly audit   'node-releases': [ '2.0.27' ],
112 silly audit   'normalize-path': [ '3.0.0' ],
112 silly audit   'object-assign': [ '4.1.1' ],
112 silly audit   'object-inspect': [ '1.13.4' ],
112 silly audit   'object-keys': [ '1.1.1' ],
112 silly audit   'object.assign': [ '4.1.7' ],
112 silly audit   'object.entries': [ '1.1.9' ],
112 silly audit   'object.fromentries': [ '2.0.8' ],
112 silly audit   'object.groupby': [ '1.0.3' ],
112 silly audit   'object.values': [ '1.2.1' ],
112 silly audit   once: [ '1.4.0' ],
112 silly audit   optionator: [ '0.9.4' ],
112 silly audit   'own-keys': [ '1.0.1' ],
112 silly audit   'p-limit': [ '3.1.0' ],
112 silly audit   'p-locate': [ '5.0.0' ],
112 silly audit   'parent-module': [ '1.0.1' ],
112 silly audit   'path-exists': [ '4.0.0' ],
112 silly audit   'path-is-absolute': [ '1.0.1' ],
112 silly audit   'path-key': [ '3.1.1' ],
112 silly audit   'path-parse': [ '1.0.7' ],
112 silly audit   'performance-now': [ '2.1.0' ],
112 silly audit   picocolors: [ '1.1.1' ],
112 silly audit   picomatch: [ '2.3.1', '4.0.3' ],
112 silly audit   'possible-typed-array-names': [ '1.1.0' ],
112 silly audit   'postcss-value-parser': [ '4.2.0' ],
112 silly audit   'prelude-ls': [ '1.2.1' ],
112 silly audit   'process-nextick-args': [ '2.0.1' ],
112 silly audit   'prop-types': [ '15.8.1' ],
112 silly audit   punycode: [ '2.3.1' ],
112 silly audit   'queue-microtask': [ '1.2.3' ],
112 silly audit   raf: [ '3.4.1' ],
112 silly audit   react: [ '19.2.3' ],
112 silly audit   'react-day-picker': [ '9.14.0' ],
112 silly audit   'react-dom': [ '19.2.3' ],
112 silly audit   'react-hook-form': [ '7.71.2' ],
112 silly audit   'react-is': [ '16.13.1' ],
112 silly audit   'react-redux': [ '9.2.0' ],
112 silly audit   'react-remove-scroll': [ '2.7.2' ],
112 silly audit   'react-remove-scroll-bar': [ '2.3.8' ],
112 silly audit   'react-resizable-panels': [ '4.6.5' ],
112 silly audit   'react-style-singleton': [ '2.2.3' ],
112 silly audit   'readdir-glob': [ '1.1.3' ],
112 silly audit   recharts: [ '3.7.0' ],
112 silly audit   redux: [ '5.0.1' ],
112 silly audit   'redux-thunk': [ '3.1.0' ],
112 silly audit   'reflect.getprototypeof': [ '1.0.10' ],
112 silly audit   'regenerator-runtime': [ '0.13.11' ],
112 silly audit   'regexp.prototype.flags': [ '1.5.4' ],
112 silly audit   reselect: [ '5.1.1' ],
112 silly audit   'resolve-from': [ '4.0.0' ],
112 silly audit   'resolve-pkg-maps': [ '1.0.0' ],
112 silly audit   reusify: [ '1.1.0' ],
112 silly audit   rgbcolor: [ '1.0.1' ],
112 silly audit   rimraf: [ '2.7.1' ],
112 silly audit   'run-parallel': [ '1.2.0' ],
112 silly audit   'safe-array-concat': [ '1.1.3' ],
112 silly audit   'safe-push-apply': [ '1.0.0' ],
112 silly audit   'safe-regex-test': [ '1.1.0' ],
112 silly audit   saxes: [ '5.0.1' ],
112 silly audit   scheduler: [ '0.27.0' ],
112 silly audit   'set-function-length': [ '1.2.2' ],
112 silly audit   'set-function-name': [ '2.0.2' ],
112 silly audit   'set-proto': [ '1.0.0' ],
112 silly audit   setimmediate: [ '1.0.5' ],
112 silly audit   sharp: [ '0.34.5' ],
112 silly audit   'shebang-command': [ '2.0.0' ],
112 silly audit   'shebang-regex': [ '3.0.0' ],
112 silly audit   'side-channel': [ '1.1.0' ],
112 silly audit   'side-channel-list': [ '1.0.0' ],
112 silly audit   'side-channel-map': [ '1.0.1' ],
112 silly audit   'side-channel-weakmap': [ '1.0.2' ],
112 silly audit   sonner: [ '2.0.7' ],
112 silly audit   'source-map-js': [ '1.2.1' ],
112 silly audit   'stable-hash': [ '0.0.5' ],
112 silly audit   'stackblur-canvas': [ '2.7.0' ],
112 silly audit   'stop-iteration-iterator': [ '1.1.0' ],
112 silly audit   'string.prototype.includes': [ '2.0.1' ],
112 silly audit   'string.prototype.matchall': [ '4.0.12' ],
112 silly audit   'string.prototype.repeat': [ '1.0.0' ],
112 silly audit   'string.prototype.trim': [ '1.2.10' ],
112 silly audit   'string.prototype.trimend': [ '1.0.9' ],
112 silly audit   'string.prototype.trimstart': [ '1.0.8' ],
112 silly audit   'strip-bom': [ '3.0.0' ],
112 silly audit   'strip-json-comments': [ '3.1.1' ],
112 silly audit   'styled-jsx': [ '5.1.6' ],
112 silly audit   'supports-color': [ '7.2.0' ],
112 silly audit   'supports-preserve-symlinks-flag': [ '1.0.0' ],
112 silly audit   'svg-pathdata': [ '6.0.3' ],
112 silly audit   'tailwind-merge': [ '3.5.0' ],
112 silly audit   tailwindcss: [ '4.2.1' ],
112 silly audit   tapable: [ '2.3.0' ],
112 silly audit   'tar-stream': [ '2.2.0' ],
112 silly audit   'text-segmentation': [ '1.0.3' ],
112 silly audit   'tiny-invariant': [ '1.3.3' ],
112 silly audit   tinyglobby: [ '0.2.15' ],
112 silly audit   fdir: [ '6.5.0' ],
112 silly audit   tmp: [ '0.2.5' ],
112 silly audit   'to-regex-range': [ '5.0.1' ],
112 silly audit   traverse: [ '0.3.9' ],
112 silly audit   'ts-api-utils': [ '2.4.0' ],
112 silly audit   'tsconfig-paths': [ '3.15.0' ],
112 silly audit   tslib: [ '2.8.1' ],
112 silly audit   'type-check': [ '0.4.0' ],
112 silly audit   'typed-array-buffer': [ '1.0.3' ],
112 silly audit   'typed-array-byte-length': [ '1.0.3' ],
112 silly audit   'typed-array-byte-offset': [ '1.0.4' ],
112 silly audit   'typed-array-length': [ '1.0.7' ],
112 silly audit   typescript: [ '5.9.3' ],
112 silly audit   'typescript-eslint': [ '8.56.1' ],
112 silly audit   'unbox-primitive': [ '1.1.0' ],
112 silly audit   'undici-types': [ '6.21.0' ],
112 silly audit   'unrs-resolver': [ '1.11.1' ],
112 silly audit   unzipper: [ '0.10.14' ],
112 silly audit   'update-browserslist-db': [ '1.2.3' ],
112 silly audit   'uri-js': [ '4.4.1' ],
112 silly audit   'use-callback-ref': [ '1.3.3' ],
112 silly audit   'use-sidecar': [ '1.1.3' ],
112 silly audit   'use-sync-external-store': [ '1.6.0' ],
112 silly audit   'util-deprecate': [ '1.0.2' ],
112 silly audit   utrie: [ '1.0.2' ],
112 silly audit   uuid: [ '8.3.2' ],
112 silly audit   vaul: [ '1.1.2' ],
112 silly audit   'victory-vendor': [ '37.3.6' ],
112 silly audit   which: [ '2.0.2' ],
112 silly audit   'which-boxed-primitive': [ '1.1.1' ],
112 silly audit   'which-builtin-type': [ '1.2.1' ],
112 silly audit   'which-collection': [ '1.0.2' ],
112 silly audit   'which-typed-array': [ '1.1.20' ],
112 silly audit   'word-wrap': [ '1.2.5' ],
112 silly audit   wrappy: [ '1.0.2' ],
112 silly audit   xmlchars: [ '2.2.0' ],
112 silly audit   yallist: [ '3.1.1' ],
112 silly audit   'yocto-queue': [ '0.1.0' ],
112 silly audit   'zip-stream': [ '4.1.1' ],
112 silly audit   zod: [ '4.3.6' ],
112 silly audit   'zod-validation-error': [ '4.0.2' ]
112 silly audit }
113 http cache @types/pako@https://registry.npmjs.org/@types/pako/-/pako-2.0.4.tgz 2ms (cache hit)
114 http cache @fast-csv/format@https://registry.npmjs.org/@fast-csv/format/-/format-4.3.5.tgz 1ms (cache hit)
115 http cache @types/trusted-types@https://registry.npmjs.org/@types/trusted-types/-/trusted-types-2.0.7.tgz 0ms (cache hit)
116 http cache @types/raf@https://registry.npmjs.org/@types/raf/-/raf-3.4.3.tgz 0ms (cache hit)
117 http cache @fast-csv/parse@https://registry.npmjs.org/@fast-csv/parse/-/parse-4.3.6.tgz 0ms (cache hit)
118 http cache @babel/runtime@https://registry.npmjs.org/@babel/runtime/-/runtime-7.28.6.tgz 0ms (cache hit)
119 http cache zip-stream@https://registry.npmjs.org/zip-stream/-/zip-stream-4.1.1.tgz 0ms (cache hit)
120 http cache xmlchars@https://registry.npmjs.org/xmlchars/-/xmlchars-2.2.0.tgz 0ms (cache hit)
121 http cache wrappy@https://registry.npmjs.org/wrappy/-/wrappy-1.0.2.tgz 0ms (cache hit)
122 http cache utrie@https://registry.npmjs.org/utrie/-/utrie-1.0.2.tgz 0ms (cache hit)
123 http cache unzipper@https://registry.npmjs.org/unzipper/-/unzipper-0.10.14.tgz 0ms (cache hit)
124 http cache uuid@https://registry.npmjs.org/uuid/-/uuid-8.3.2.tgz 0ms (cache hit)
125 http cache util-deprecate@https://registry.npmjs.org/util-deprecate/-/util-deprecate-1.0.2.tgz 0ms (cache hit)
126 http cache tmp@https://registry.npmjs.org/tmp/-/tmp-0.2.5.tgz 0ms (cache hit)
127 http cache traverse@https://registry.npmjs.org/traverse/-/traverse-0.3.9.tgz 0ms (cache hit)
128 http cache tar-stream@https://registry.npmjs.org/tar-stream/-/tar-stream-2.2.0.tgz 0ms (cache hit)
129 http cache svg-pathdata@https://registry.npmjs.org/svg-pathdata/-/svg-pathdata-6.0.3.tgz 0ms (cache hit)
130 http cache text-segmentation@https://registry.npmjs.org/text-segmentation/-/text-segmentation-1.0.3.tgz 0ms (cache hit)
131 http cache string_decoder@https://registry.npmjs.org/string_decoder/-/string_decoder-1.3.0.tgz 0ms (cache hit)
132 http cache stackblur-canvas@https://registry.npmjs.org/stackblur-canvas/-/stackblur-canvas-2.7.0.tgz 0ms (cache hit)
133 http cache setimmediate@https://registry.npmjs.org/setimmediate/-/setimmediate-1.0.5.tgz 0ms (cache hit)
134 http cache safe-buffer@https://registry.npmjs.org/safe-buffer/-/safe-buffer-5.2.1.tgz 0ms (cache hit)
135 http cache rimraf@https://registry.npmjs.org/rimraf/-/rimraf-2.7.1.tgz 0ms (cache hit)
136 http cache regenerator-runtime@https://registry.npmjs.org/regenerator-runtime/-/regenerator-runtime-0.13.11.tgz 0ms (cache hit)
137 http cache rgbcolor@https://registry.npmjs.org/rgbcolor/-/rgbcolor-1.0.1.tgz 0ms (cache hit)
138 http cache readdir-glob@https://registry.npmjs.org/readdir-glob/-/readdir-glob-1.1.3.tgz 0ms (cache hit)
139 http cache raf@https://registry.npmjs.org/raf/-/raf-3.4.1.tgz 0ms (cache hit)
140 http cache process-nextick-args@https://registry.npmjs.org/process-nextick-args/-/process-nextick-args-2.0.1.tgz 0ms (cache hit)
141 http cache performance-now@https://registry.npmjs.org/performance-now/-/performance-now-2.1.0.tgz 0ms (cache hit)
142 http cache readable-stream@https://registry.npmjs.org/readable-stream/-/readable-stream-3.6.2.tgz 0ms (cache hit)
143 http cache path-is-absolute@https://registry.npmjs.org/path-is-absolute/-/path-is-absolute-1.0.1.tgz 0ms (cache hit)
144 http cache once@https://registry.npmjs.org/once/-/once-1.4.0.tgz 0ms (cache hit)
145 http cache normalize-path@https://registry.npmjs.org/normalize-path/-/normalize-path-3.0.0.tgz 0ms (cache hit)
146 http cache pako@https://registry.npmjs.org/pako/-/pako-2.1.0.tgz 0ms (cache hit)
147 http cache mkdirp@https://registry.npmjs.org/mkdirp/-/mkdirp-0.5.6.tgz 0ms (cache hit)
148 http cache lodash.uniq@https://registry.npmjs.org/lodash.uniq/-/lodash.uniq-4.5.0.tgz 0ms (cache hit)
149 http cache lodash.union@https://registry.npmjs.org/lodash.union/-/lodash.union-4.6.0.tgz 0ms (cache hit)
150 http cache lodash.isplainobject@https://registry.npmjs.org/lodash.isplainobject/-/lodash.isplainobject-4.0.6.tgz 1ms (cache hit)
151 http cache lodash.isfunction@https://registry.npmjs.org/lodash.isfunction/-/lodash.isfunction-3.0.9.tgz 0ms (cache hit)
152 http cache lodash.isnil@https://registry.npmjs.org/lodash.isnil/-/lodash.isnil-4.0.0.tgz 0ms (cache hit)
153 http cache lodash.isundefined@https://registry.npmjs.org/lodash.isundefined/-/lodash.isundefined-3.0.1.tgz 0ms (cache hit)
154 http cache lodash.isboolean@https://registry.npmjs.org/lodash.isboolean/-/lodash.isboolean-3.0.3.tgz 0ms (cache hit)
155 http cache lodash.groupby@https://registry.npmjs.org/lodash.groupby/-/lodash.groupby-4.6.0.tgz 0ms (cache hit)
156 http cache lodash.defaults@https://registry.npmjs.org/lodash.defaults/-/lodash.defaults-4.2.0.tgz 0ms (cache hit)
157 http cache lazystream@https://registry.npmjs.org/lazystream/-/lazystream-1.0.1.tgz 0ms (cache hit)
158 http cache lodash.difference@https://registry.npmjs.org/lodash.difference/-/lodash.difference-4.5.0.tgz 0ms (cache hit)
159 http cache listenercount@https://registry.npmjs.org/listenercount/-/listenercount-1.0.1.tgz 0ms (cache hit)
160 http cache lodash.escaperegexp@https://registry.npmjs.org/lodash.escaperegexp/-/lodash.escaperegexp-4.1.2.tgz 0ms (cache hit)
161 http cache lie@https://registry.npmjs.org/lie/-/lie-3.3.0.tgz 0ms (cache hit)
162 http cache jszip@https://registry.npmjs.org/jszip/-/jszip-3.10.1.tgz 0ms (cache hit)
163 http cache lodash.flatten@https://registry.npmjs.org/lodash.flatten/-/lodash.flatten-4.4.0.tgz 0ms (cache hit)
164 http cache jspdf-autotable@https://registry.npmjs.org/jspdf-autotable/-/jspdf-autotable-5.0.7.tgz 0ms (cache hit)
165 http cache lodash.isequal@https://registry.npmjs.org/lodash.isequal/-/lodash.isequal-4.5.0.tgz 0ms (cache hit)
166 http cache iobuffer@https://registry.npmjs.org/iobuffer/-/iobuffer-5.4.0.tgz 0ms (cache hit)
167 http cache jspdf@https://registry.npmjs.org/jspdf/-/jspdf-4.2.0.tgz 0ms (cache hit)
168 http cache immediate@https://registry.npmjs.org/immediate/-/immediate-3.0.6.tgz 0ms (cache hit)
169 http cache inflight@https://registry.npmjs.org/inflight/-/inflight-1.0.6.tgz 0ms (cache hit)
170 http cache ieee754@https://registry.npmjs.org/ieee754/-/ieee754-1.2.1.tgz 0ms (cache hit)
171 http cache html2canvas@https://registry.npmjs.org/html2canvas/-/html2canvas-1.4.1.tgz 0ms (cache hit)
172 http cache glob@https://registry.npmjs.org/glob/-/glob-7.2.3.tgz 0ms (cache hit)
173 http cache inherits@https://registry.npmjs.org/inherits/-/inherits-2.0.4.tgz 0ms (cache hit)
174 http cache fs.realpath@https://registry.npmjs.org/fs.realpath/-/fs.realpath-1.0.0.tgz 0ms (cache hit)
175 http cache fs-constants@https://registry.npmjs.org/fs-constants/-/fs-constants-1.0.0.tgz 0ms (cache hit)
176 http cache flatted@https://registry.npmjs.org/flatted/-/flatted-3.4.1.tgz 0ms (cache hit)
177 http cache fast-png@https://registry.npmjs.org/fast-png/-/fast-png-6.4.0.tgz 1ms (cache hit)
178 http cache fast-csv@https://registry.npmjs.org/fast-csv/-/fast-csv-4.3.6.tgz 0ms (cache hit)
179 http cache exceljs@https://registry.npmjs.org/exceljs/-/exceljs-4.4.0.tgz 0ms (cache hit)
180 http cache fstream@https://registry.npmjs.org/fstream/-/fstream-1.0.12.tgz 0ms (cache hit)
181 http cache duplexer2@https://registry.npmjs.org/duplexer2/-/duplexer2-0.1.4.tgz 0ms (cache hit)
182 http cache dompurify@https://registry.npmjs.org/dompurify/-/dompurify-3.3.3.tgz 0ms (cache hit)
183 http cache dayjs@https://registry.npmjs.org/dayjs/-/dayjs-1.11.20.tgz 0ms (cache hit)
184 http cache css-line-break@https://registry.npmjs.org/css-line-break/-/css-line-break-2.1.0.tgz 0ms (cache hit)
185 http cache crc-32@https://registry.npmjs.org/crc-32/-/crc-32-1.2.2.tgz 0ms (cache hit)
186 http cache saxes@https://registry.npmjs.org/saxes/-/saxes-5.0.1.tgz 0ms (cache hit)
187 http cache crc32-stream@https://registry.npmjs.org/crc32-stream/-/crc32-stream-4.0.3.tgz 0ms (cache hit)
188 http cache compress-commons@https://registry.npmjs.org/compress-commons/-/compress-commons-4.1.2.tgz 0ms (cache hit)
189 http cache core-util-is@https://registry.npmjs.org/core-util-is/-/core-util-is-1.0.3.tgz 0ms (cache hit)
190 http cache buffer-crc32@https://registry.npmjs.org/buffer-crc32/-/buffer-crc32-0.2.13.tgz 1ms (cache hit)
191 http cache chainsaw@https://registry.npmjs.org/chainsaw/-/chainsaw-0.1.0.tgz 0ms (cache hit)
192 http cache canvg@https://registry.npmjs.org/canvg/-/canvg-3.0.11.tgz 0ms (cache hit)
193 http cache buffers@https://registry.npmjs.org/buffers/-/buffers-0.1.1.tgz 0ms (cache hit)
194 http cache core-js@https://registry.npmjs.org/core-js/-/core-js-3.48.0.tgz 0ms (cache hit)
195 http cache buffer@https://registry.npmjs.org/buffer/-/buffer-5.7.1.tgz 0ms (cache hit)
196 http cache binary@https://registry.npmjs.org/binary/-/binary-0.3.0.tgz 0ms (cache hit)
197 http cache buffer-indexof-polyfill@https://registry.npmjs.org/buffer-indexof-polyfill/-/buffer-indexof-polyfill-1.0.2.tgz 0ms (cache hit)
198 http cache bluebird@https://registry.npmjs.org/bluebird/-/bluebird-3.4.7.tgz 0ms (cache hit)
199 http cache base64-js@https://registry.npmjs.org/base64-js/-/base64-js-1.5.1.tgz 0ms (cache hit)
200 http cache bl@https://registry.npmjs.org/bl/-/bl-4.1.0.tgz 0ms (cache hit)
201 http cache base64-arraybuffer@https://registry.npmjs.org/base64-arraybuffer/-/base64-arraybuffer-1.0.2.tgz 0ms (cache hit)
202 http cache big-integer@https://registry.npmjs.org/big-integer/-/big-integer-1.6.52.tgz 0ms (cache hit)
203 http cache archiver@https://registry.npmjs.org/archiver/-/archiver-5.3.2.tgz 0ms (cache hit)
204 http cache async@https://registry.npmjs.org/async/-/async-3.2.6.tgz 0ms (cache hit)
205 http cache archiver-utils@https://registry.npmjs.org/archiver-utils/-/archiver-utils-2.1.0.tgz 0ms (cache hit)
206 http cache @types/node@https://registry.npmjs.org/@types/node/-/node-14.18.63.tgz 0ms (cache hit)
207 http cache @types/node@https://registry.npmjs.org/@types/node/-/node-14.18.63.tgz 0ms (cache hit)
208 http cache archiver-utils@https://registry.npmjs.org/archiver-utils/-/archiver-utils-3.0.4.tgz 0ms (cache hit)
209 http cache end-of-stream@https://registry.npmjs.org/end-of-stream/-/end-of-stream-1.4.5.tgz 0ms (cache hit)
210 http cache readable-stream@https://registry.npmjs.org/readable-stream/-/readable-stream-2.3.8.tgz 0ms (cache hit)
211 http cache isarray@https://registry.npmjs.org/isarray/-/isarray-1.0.0.tgz 0ms (cache hit)
212 http cache string_decoder@https://registry.npmjs.org/string_decoder/-/string_decoder-1.1.1.tgz 0ms (cache hit)
213 http cache readable-stream@https://registry.npmjs.org/readable-stream/-/readable-stream-2.3.8.tgz 0ms (cache hit)
214 http cache safe-buffer@https://registry.npmjs.org/safe-buffer/-/safe-buffer-5.1.2.tgz 0ms (cache hit)
215 http cache safe-buffer@https://registry.npmjs.org/safe-buffer/-/safe-buffer-5.1.2.tgz 0ms (cache hit)
216 http cache safe-buffer@https://registry.npmjs.org/safe-buffer/-/safe-buffer-5.1.2.tgz 0ms (cache hit)
217 http cache string_decoder@https://registry.npmjs.org/string_decoder/-/string_decoder-1.1.1.tgz 0ms (cache hit)
218 http cache string_decoder@https://registry.npmjs.org/string_decoder/-/string_decoder-1.1.1.tgz 0ms (cache hit)
219 http cache isarray@https://registry.npmjs.org/isarray/-/isarray-1.0.0.tgz 0ms (cache hit)
220 http cache string_decoder@https://registry.npmjs.org/string_decoder/-/string_decoder-1.1.1.tgz 0ms (cache hit)
221 http cache fflate@https://registry.npmjs.org/fflate/-/fflate-0.8.2.tgz 0ms (cache hit)
222 http cache brace-expansion@https://registry.npmjs.org/brace-expansion/-/brace-expansion-2.0.2.tgz 0ms (cache hit)
223 http cache safe-buffer@https://registry.npmjs.org/safe-buffer/-/safe-buffer-5.1.2.tgz 0ms (cache hit)
224 http cache minimatch@https://registry.npmjs.org/minimatch/-/minimatch-5.1.9.tgz 0ms (cache hit)
225 http cache readable-stream@https://registry.npmjs.org/readable-stream/-/readable-stream-2.3.8.tgz 0ms (cache hit)
226 http cache isarray@https://registry.npmjs.org/isarray/-/isarray-1.0.0.tgz 0ms (cache hit)
227 http cache pako@https://registry.npmjs.org/pako/-/pako-1.0.11.tgz 0ms (cache hit)
228 http cache readable-stream@https://registry.npmjs.org/readable-stream/-/readable-stream-2.3.8.tgz 0ms (cache hit)
229 http cache readable-stream@https://registry.npmjs.org/readable-stream/-/readable-stream-2.3.8.tgz 0ms (cache hit)
230 http cache safe-buffer@https://registry.npmjs.org/safe-buffer/-/safe-buffer-5.1.2.tgz 1ms (cache hit)
231 http cache isarray@https://registry.npmjs.org/isarray/-/isarray-1.0.0.tgz 0ms (cache hit)
232 silly tarball no local data for @types/pako@https://registry.npmjs.org/@types/pako/-/pako-2.0.4.tgz. Extracting by manifest.
233 silly tarball no local data for @fast-csv/format@https://registry.npmjs.org/@fast-csv/format/-/format-4.3.5.tgz. Extracting by manifest.
234 silly tarball no local data for @types/trusted-types@https://registry.npmjs.org/@types/trusted-types/-/trusted-types-2.0.7.tgz. Extracting by manifest.
235 silly tarball no local data for @types/raf@https://registry.npmjs.org/@types/raf/-/raf-3.4.3.tgz. Extracting by manifest.
236 silly tarball no local data for @fast-csv/parse@https://registry.npmjs.org/@fast-csv/parse/-/parse-4.3.6.tgz. Extracting by manifest.
237 silly tarball no local data for @babel/runtime@https://registry.npmjs.org/@babel/runtime/-/runtime-7.28.6.tgz. Extracting by manifest.
238 silly tarball no local data for zip-stream@https://registry.npmjs.org/zip-stream/-/zip-stream-4.1.1.tgz. Extracting by manifest.
239 silly tarball no local data for xmlchars@https://registry.npmjs.org/xmlchars/-/xmlchars-2.2.0.tgz. Extracting by manifest.
240 silly tarball no local data for wrappy@https://registry.npmjs.org/wrappy/-/wrappy-1.0.2.tgz. Extracting by manifest.
241 silly tarball no local data for utrie@https://registry.npmjs.org/utrie/-/utrie-1.0.2.tgz. Extracting by manifest.
242 silly tarball no local data for unzipper@https://registry.npmjs.org/unzipper/-/unzipper-0.10.14.tgz. Extracting by manifest.
243 silly tarball no local data for uuid@https://registry.npmjs.org/uuid/-/uuid-8.3.2.tgz. Extracting by manifest.
244 silly tarball no local data for util-deprecate@https://registry.npmjs.org/util-deprecate/-/util-deprecate-1.0.2.tgz. Extracting by manifest.
245 silly tarball no local data for tmp@https://registry.npmjs.org/tmp/-/tmp-0.2.5.tgz. Extracting by manifest.
246 silly tarball no local data for traverse@https://registry.npmjs.org/traverse/-/traverse-0.3.9.tgz. Extracting by manifest.
247 silly tarball no local data for tar-stream@https://registry.npmjs.org/tar-stream/-/tar-stream-2.2.0.tgz. Extracting by manifest.
248 silly tarball no local data for svg-pathdata@https://registry.npmjs.org/svg-pathdata/-/svg-pathdata-6.0.3.tgz. Extracting by manifest.
249 silly tarball no local data for text-segmentation@https://registry.npmjs.org/text-segmentation/-/text-segmentation-1.0.3.tgz. Extracting by manifest.
250 silly tarball no local data for string_decoder@https://registry.npmjs.org/string_decoder/-/string_decoder-1.3.0.tgz. Extracting by manifest.
251 silly tarball no local data for stackblur-canvas@https://registry.npmjs.org/stackblur-canvas/-/stackblur-canvas-2.7.0.tgz. Extracting by manifest.
252 silly tarball no local data for setimmediate@https://registry.npmjs.org/setimmediate/-/setimmediate-1.0.5.tgz. Extracting by manifest.
253 silly tarball no local data for safe-buffer@https://registry.npmjs.org/safe-buffer/-/safe-buffer-5.2.1.tgz. Extracting by manifest.
254 http cache string_decoder@https://registry.npmjs.org/string_decoder/-/string_decoder-1.1.1.tgz 0ms (cache hit)
255 silly tarball no local data for rimraf@https://registry.npmjs.org/rimraf/-/rimraf-2.7.1.tgz. Extracting by manifest.
256 silly tarball no local data for regenerator-runtime@https://registry.npmjs.org/regenerator-runtime/-/regenerator-runtime-0.13.11.tgz. Extracting by manifest.
257 silly tarball no local data for rgbcolor@https://registry.npmjs.org/rgbcolor/-/rgbcolor-1.0.1.tgz. Extracting by manifest.
258 silly tarball no local data for readdir-glob@https://registry.npmjs.org/readdir-glob/-/readdir-glob-1.1.3.tgz. Extracting by manifest.
259 silly tarball no local data for raf@https://registry.npmjs.org/raf/-/raf-3.4.1.tgz. Extracting by manifest.
260 silly tarball no local data for process-nextick-args@https://registry.npmjs.org/process-nextick-args/-/process-nextick-args-2.0.1.tgz. Extracting by manifest.
261 silly tarball no local data for performance-now@https://registry.npmjs.org/performance-now/-/performance-now-2.1.0.tgz. Extracting by manifest.
262 silly tarball no local data for readable-stream@https://registry.npmjs.org/readable-stream/-/readable-stream-3.6.2.tgz. Extracting by manifest.
263 silly tarball no local data for path-is-absolute@https://registry.npmjs.org/path-is-absolute/-/path-is-absolute-1.0.1.tgz. Extracting by manifest.
264 silly tarball no local data for once@https://registry.npmjs.org/once/-/once-1.4.0.tgz. Extracting by manifest.
265 silly tarball no local data for normalize-path@https://registry.npmjs.org/normalize-path/-/normalize-path-3.0.0.tgz. Extracting by manifest.
266 silly tarball no local data for pako@https://registry.npmjs.org/pako/-/pako-2.1.0.tgz. Extracting by manifest.
267 silly tarball no local data for mkdirp@https://registry.npmjs.org/mkdirp/-/mkdirp-0.5.6.tgz. Extracting by manifest.
268 http cache isarray@https://registry.npmjs.org/isarray/-/isarray-1.0.0.tgz 0ms (cache hit)
269 silly tarball no local data for lodash.uniq@https://registry.npmjs.org/lodash.uniq/-/lodash.uniq-4.5.0.tgz. Extracting by manifest.
270 silly tarball no local data for lodash.union@https://registry.npmjs.org/lodash.union/-/lodash.union-4.6.0.tgz. Extracting by manifest.
271 silly tarball no local data for lodash.isplainobject@https://registry.npmjs.org/lodash.isplainobject/-/lodash.isplainobject-4.0.6.tgz. Extracting by manifest.
272 silly tarball no local data for lodash.isfunction@https://registry.npmjs.org/lodash.isfunction/-/lodash.isfunction-3.0.9.tgz. Extracting by manifest.
273 silly tarball no local data for lodash.isnil@https://registry.npmjs.org/lodash.isnil/-/lodash.isnil-4.0.0.tgz. Extracting by manifest.
274 silly tarball no local data for lodash.isundefined@https://registry.npmjs.org/lodash.isundefined/-/lodash.isundefined-3.0.1.tgz. Extracting by manifest.
275 silly tarball no local data for lodash.isboolean@https://registry.npmjs.org/lodash.isboolean/-/lodash.isboolean-3.0.3.tgz. Extracting by manifest.
276 silly tarball no local data for lodash.groupby@https://registry.npmjs.org/lodash.groupby/-/lodash.groupby-4.6.0.tgz. Extracting by manifest.
277 silly tarball no local data for lodash.defaults@https://registry.npmjs.org/lodash.defaults/-/lodash.defaults-4.2.0.tgz. Extracting by manifest.
278 silly tarball no local data for lazystream@https://registry.npmjs.org/lazystream/-/lazystream-1.0.1.tgz. Extracting by manifest.
279 silly tarball no local data for lodash.difference@https://registry.npmjs.org/lodash.difference/-/lodash.difference-4.5.0.tgz. Extracting by manifest.
280 silly tarball no local data for listenercount@https://registry.npmjs.org/listenercount/-/listenercount-1.0.1.tgz. Extracting by manifest.
281 silly tarball no local data for lodash.escaperegexp@https://registry.npmjs.org/lodash.escaperegexp/-/lodash.escaperegexp-4.1.2.tgz. Extracting by manifest.
282 silly tarball no local data for lie@https://registry.npmjs.org/lie/-/lie-3.3.0.tgz. Extracting by manifest.
283 silly tarball no local data for jszip@https://registry.npmjs.org/jszip/-/jszip-3.10.1.tgz. Extracting by manifest.
284 silly tarball no local data for lodash.flatten@https://registry.npmjs.org/lodash.flatten/-/lodash.flatten-4.4.0.tgz. Extracting by manifest.
285 silly tarball no local data for jspdf-autotable@https://registry.npmjs.org/jspdf-autotable/-/jspdf-autotable-5.0.7.tgz. Extracting by manifest.
286 silly tarball no local data for lodash.isequal@https://registry.npmjs.org/lodash.isequal/-/lodash.isequal-4.5.0.tgz. Extracting by manifest.
287 silly tarball no local data for iobuffer@https://registry.npmjs.org/iobuffer/-/iobuffer-5.4.0.tgz. Extracting by manifest.
288 silly tarball no local data for jspdf@https://registry.npmjs.org/jspdf/-/jspdf-4.2.0.tgz. Extracting by manifest.
289 silly tarball no local data for immediate@https://registry.npmjs.org/immediate/-/immediate-3.0.6.tgz. Extracting by manifest.
290 silly tarball no local data for inflight@https://registry.npmjs.org/inflight/-/inflight-1.0.6.tgz. Extracting by manifest.
291 silly tarball no local data for ieee754@https://registry.npmjs.org/ieee754/-/ieee754-1.2.1.tgz. Extracting by manifest.
292 silly tarball no local data for html2canvas@https://registry.npmjs.org/html2canvas/-/html2canvas-1.4.1.tgz. Extracting by manifest.
293 silly tarball no local data for glob@https://registry.npmjs.org/glob/-/glob-7.2.3.tgz. Extracting by manifest.
294 silly tarball no local data for inherits@https://registry.npmjs.org/inherits/-/inherits-2.0.4.tgz. Extracting by manifest.
295 silly tarball no local data for fs.realpath@https://registry.npmjs.org/fs.realpath/-/fs.realpath-1.0.0.tgz. Extracting by manifest.
296 silly tarball no local data for fs-constants@https://registry.npmjs.org/fs-constants/-/fs-constants-1.0.0.tgz. Extracting by manifest.
297 silly tarball no local data for flatted@https://registry.npmjs.org/flatted/-/flatted-3.4.1.tgz. Extracting by manifest.
298 verbose audit error FetchError: request to https://registry.npmjs.org/-/npm/v1/security/advisories/bulk failed, reason: 
298 verbose audit error     at ClientRequest.<anonymous> (C:\Program Files\nodejs\node_modules\npm\node_modules\minipass-fetch\lib\index.js:130:14)
298 verbose audit error     at ClientRequest.emit (node:events:508:28)
298 verbose audit error     at emitErrorEvent (node:_http_client:108:11)
298 verbose audit error     at _destroy (node:_http_client:963:9)
298 verbose audit error     at onSocketNT (node:_http_client:983:5)
298 verbose audit error     at process.processTicksAndRejections (node:internal/process/task_queues:91:21) {
298 verbose audit error   code: 'EACCES',
298 verbose audit error   errno: 'EACCES',
298 verbose audit error   type: 'system'
298 verbose audit error }
299 silly audit error undefined
300 silly audit report null
301 silly tarball no local data for fast-png@https://registry.npmjs.org/fast-png/-/fast-png-6.4.0.tgz. Extracting by manifest.
302 silly tarball no local data for fast-csv@https://registry.npmjs.org/fast-csv/-/fast-csv-4.3.6.tgz. Extracting by manifest.
303 silly tarball no local data for exceljs@https://registry.npmjs.org/exceljs/-/exceljs-4.4.0.tgz. Extracting by manifest.
304 silly tarball no local data for fstream@https://registry.npmjs.org/fstream/-/fstream-1.0.12.tgz. Extracting by manifest.
305 silly tarball no local data for duplexer2@https://registry.npmjs.org/duplexer2/-/duplexer2-0.1.4.tgz. Extracting by manifest.
306 silly tarball no local data for dompurify@https://registry.npmjs.org/dompurify/-/dompurify-3.3.3.tgz. Extracting by manifest.
307 silly tarball no local data for dayjs@https://registry.npmjs.org/dayjs/-/dayjs-1.11.20.tgz. Extracting by manifest.
308 silly tarball no local data for css-line-break@https://registry.npmjs.org/css-line-break/-/css-line-break-2.1.0.tgz. Extracting by manifest.
309 silly tarball no local data for crc-32@https://registry.npmjs.org/crc-32/-/crc-32-1.2.2.tgz. Extracting by manifest.
310 silly tarball no local data for saxes@https://registry.npmjs.org/saxes/-/saxes-5.0.1.tgz. Extracting by manifest.
311 silly tarball no local data for crc32-stream@https://registry.npmjs.org/crc32-stream/-/crc32-stream-4.0.3.tgz. Extracting by manifest.
312 silly tarball no local data for compress-commons@https://registry.npmjs.org/compress-commons/-/compress-commons-4.1.2.tgz. Extracting by manifest.
313 silly tarball no local data for core-util-is@https://registry.npmjs.org/core-util-is/-/core-util-is-1.0.3.tgz. Extracting by manifest.
314 silly tarball no local data for buffer-crc32@https://registry.npmjs.org/buffer-crc32/-/buffer-crc32-0.2.13.tgz. Extracting by manifest.
315 silly tarball no local data for chainsaw@https://registry.npmjs.org/chainsaw/-/chainsaw-0.1.0.tgz. Extracting by manifest.
316 silly tarball no local data for canvg@https://registry.npmjs.org/canvg/-/canvg-3.0.11.tgz. Extracting by manifest.
317 silly tarball no local data for buffers@https://registry.npmjs.org/buffers/-/buffers-0.1.1.tgz. Extracting by manifest.
318 silly tarball no local data for core-js@https://registry.npmjs.org/core-js/-/core-js-3.48.0.tgz. Extracting by manifest.
319 silly tarball no local data for buffer@https://registry.npmjs.org/buffer/-/buffer-5.7.1.tgz. Extracting by manifest.
320 silly tarball no local data for binary@https://registry.npmjs.org/binary/-/binary-0.3.0.tgz. Extracting by manifest.
321 silly tarball no local data for buffer-indexof-polyfill@https://registry.npmjs.org/buffer-indexof-polyfill/-/buffer-indexof-polyfill-1.0.2.tgz. Extracting by manifest.
322 silly tarball no local data for bluebird@https://registry.npmjs.org/bluebird/-/bluebird-3.4.7.tgz. Extracting by manifest.
323 silly tarball no local data for base64-js@https://registry.npmjs.org/base64-js/-/base64-js-1.5.1.tgz. Extracting by manifest.
324 silly tarball no local data for bl@https://registry.npmjs.org/bl/-/bl-4.1.0.tgz. Extracting by manifest.
325 silly tarball no local data for base64-arraybuffer@https://registry.npmjs.org/base64-arraybuffer/-/base64-arraybuffer-1.0.2.tgz. Extracting by manifest.
326 silly tarball no local data for big-integer@https://registry.npmjs.org/big-integer/-/big-integer-1.6.52.tgz. Extracting by manifest.
327 silly tarball no local data for archiver@https://registry.npmjs.org/archiver/-/archiver-5.3.2.tgz. Extracting by manifest.
328 silly tarball no local data for async@https://registry.npmjs.org/async/-/async-3.2.6.tgz. Extracting by manifest.
329 silly tarball no local data for archiver-utils@https://registry.npmjs.org/archiver-utils/-/archiver-utils-2.1.0.tgz. Extracting by manifest.
330 silly tarball no local data for @types/node@https://registry.npmjs.org/@types/node/-/node-14.18.63.tgz. Extracting by manifest.
331 silly tarball no local data for @types/node@https://registry.npmjs.org/@types/node/-/node-14.18.63.tgz. Extracting by manifest.
332 silly tarball no local data for archiver-utils@https://registry.npmjs.org/archiver-utils/-/archiver-utils-3.0.4.tgz. Extracting by manifest.
333 silly tarball no local data for end-of-stream@https://registry.npmjs.org/end-of-stream/-/end-of-stream-1.4.5.tgz. Extracting by manifest.
334 silly tarball no local data for readable-stream@https://registry.npmjs.org/readable-stream/-/readable-stream-2.3.8.tgz. Extracting by manifest.
335 silly tarball no local data for isarray@https://registry.npmjs.org/isarray/-/isarray-1.0.0.tgz. Extracting by manifest.
336 silly tarball no local data for string_decoder@https://registry.npmjs.org/string_decoder/-/string_decoder-1.1.1.tgz. Extracting by manifest.
337 silly tarball no local data for readable-stream@https://registry.npmjs.org/readable-stream/-/readable-stream-2.3.8.tgz. Extracting by manifest.
338 silly tarball no local data for safe-buffer@https://registry.npmjs.org/safe-buffer/-/safe-buffer-5.1.2.tgz. Extracting by manifest.
339 silly tarball no local data for safe-buffer@https://registry.npmjs.org/safe-buffer/-/safe-buffer-5.1.2.tgz. Extracting by manifest.
340 silly tarball no local data for safe-buffer@https://registry.npmjs.org/safe-buffer/-/safe-buffer-5.1.2.tgz. Extracting by manifest.
341 silly tarball no local data for string_decoder@https://registry.npmjs.org/string_decoder/-/string_decoder-1.1.1.tgz. Extracting by manifest.
342 silly tarball no local data for string_decoder@https://registry.npmjs.org/string_decoder/-/string_decoder-1.1.1.tgz. Extracting by manifest.
343 silly tarball no local data for isarray@https://registry.npmjs.org/isarray/-/isarray-1.0.0.tgz. Extracting by manifest.
344 silly tarball no local data for string_decoder@https://registry.npmjs.org/string_decoder/-/string_decoder-1.1.1.tgz. Extracting by manifest.
345 silly tarball no local data for fflate@https://registry.npmjs.org/fflate/-/fflate-0.8.2.tgz. Extracting by manifest.
346 silly tarball no local data for brace-expansion@https://registry.npmjs.org/brace-expansion/-/brace-expansion-2.0.2.tgz. Extracting by manifest.
347 silly tarball no local data for safe-buffer@https://registry.npmjs.org/safe-buffer/-/safe-buffer-5.1.2.tgz. Extracting by manifest.
348 silly tarball no local data for minimatch@https://registry.npmjs.org/minimatch/-/minimatch-5.1.9.tgz. Extracting by manifest.
349 silly tarball no local data for readable-stream@https://registry.npmjs.org/readable-stream/-/readable-stream-2.3.8.tgz. Extracting by manifest.
350 silly tarball no local data for isarray@https://registry.npmjs.org/isarray/-/isarray-1.0.0.tgz. Extracting by manifest.
351 silly tarball no local data for pako@https://registry.npmjs.org/pako/-/pako-1.0.11.tgz. Extracting by manifest.
352 silly tarball no local data for readable-stream@https://registry.npmjs.org/readable-stream/-/readable-stream-2.3.8.tgz. Extracting by manifest.
353 silly tarball no local data for readable-stream@https://registry.npmjs.org/readable-stream/-/readable-stream-2.3.8.tgz. Extracting by manifest.
354 silly tarball no local data for safe-buffer@https://registry.npmjs.org/safe-buffer/-/safe-buffer-5.1.2.tgz. Extracting by manifest.
355 silly tarball no local data for isarray@https://registry.npmjs.org/isarray/-/isarray-1.0.0.tgz. Extracting by manifest.
356 silly tarball no local data for string_decoder@https://registry.npmjs.org/string_decoder/-/string_decoder-1.1.1.tgz. Extracting by manifest.
357 silly tarball no local data for isarray@https://registry.npmjs.org/isarray/-/isarray-1.0.0.tgz. Extracting by manifest.
358 http fetch GET https://registry.npmjs.org/@types/pako/-/pako-2.0.4.tgz attempt 1 failed with EACCES
359 http fetch GET https://registry.npmjs.org/@fast-csv/format/-/format-4.3.5.tgz attempt 1 failed with EACCES
360 http fetch GET https://registry.npmjs.org/@types/trusted-types/-/trusted-types-2.0.7.tgz attempt 1 failed with EACCES
361 http fetch GET https://registry.npmjs.org/@types/raf/-/raf-3.4.3.tgz attempt 1 failed with EACCES
362 http fetch GET https://registry.npmjs.org/@fast-csv/parse/-/parse-4.3.6.tgz attempt 1 failed with EACCES
363 http fetch GET https://registry.npmjs.org/@babel/runtime/-/runtime-7.28.6.tgz attempt 1 failed with EACCES
364 http fetch GET https://registry.npmjs.org/zip-stream/-/zip-stream-4.1.1.tgz attempt 1 failed with EACCES
365 http fetch GET https://registry.npmjs.org/xmlchars/-/xmlchars-2.2.0.tgz attempt 1 failed with EACCES
366 http fetch GET https://registry.npmjs.org/wrappy/-/wrappy-1.0.2.tgz attempt 1 failed with EACCES
367 http fetch GET https://registry.npmjs.org/utrie/-/utrie-1.0.2.tgz attempt 1 failed with EACCES
368 http fetch GET https://registry.npmjs.org/unzipper/-/unzipper-0.10.14.tgz attempt 1 failed with EACCES
369 http fetch GET https://registry.npmjs.org/uuid/-/uuid-8.3.2.tgz attempt 1 failed with EACCES
370 http fetch GET https://registry.npmjs.org/util-deprecate/-/util-deprecate-1.0.2.tgz attempt 1 failed with EACCES
371 http fetch GET https://registry.npmjs.org/tmp/-/tmp-0.2.5.tgz attempt 1 failed with EACCES
372 http fetch GET https://registry.npmjs.org/traverse/-/traverse-0.3.9.tgz attempt 1 failed with EACCES
373 http fetch GET https://registry.npmjs.org/npm attempt 2 failed with EACCES
374 http fetch GET https://registry.npmjs.org/@types/pako/-/pako-2.0.4.tgz attempt 2 failed with EACCES
375 http fetch GET https://registry.npmjs.org/@fast-csv/format/-/format-4.3.5.tgz attempt 2 failed with EACCES
376 http fetch GET https://registry.npmjs.org/@types/trusted-types/-/trusted-types-2.0.7.tgz attempt 2 failed with EACCES
377 http fetch GET https://registry.npmjs.org/@types/raf/-/raf-3.4.3.tgz attempt 2 failed with EACCES
378 http fetch GET https://registry.npmjs.org/@fast-csv/parse/-/parse-4.3.6.tgz attempt 2 failed with EACCES
379 http fetch GET https://registry.npmjs.org/@babel/runtime/-/runtime-7.28.6.tgz attempt 2 failed with EACCES
380 http fetch GET https://registry.npmjs.org/zip-stream/-/zip-stream-4.1.1.tgz attempt 2 failed with EACCES
381 http fetch GET https://registry.npmjs.org/xmlchars/-/xmlchars-2.2.0.tgz attempt 2 failed with EACCES
382 http fetch GET https://registry.npmjs.org/wrappy/-/wrappy-1.0.2.tgz attempt 2 failed with EACCES
383 http fetch GET https://registry.npmjs.org/utrie/-/utrie-1.0.2.tgz attempt 2 failed with EACCES
384 http fetch GET https://registry.npmjs.org/unzipper/-/unzipper-0.10.14.tgz attempt 2 failed with EACCES
385 http fetch GET https://registry.npmjs.org/uuid/-/uuid-8.3.2.tgz attempt 2 failed with EACCES
386 http fetch GET https://registry.npmjs.org/util-deprecate/-/util-deprecate-1.0.2.tgz attempt 2 failed with EACCES
387 http fetch GET https://registry.npmjs.org/tmp/-/tmp-0.2.5.tgz attempt 2 failed with EACCES
388 http fetch GET https://registry.npmjs.org/traverse/-/traverse-0.3.9.tgz attempt 2 failed with EACCES
389 http fetch GET https://registry.npmjs.org/npm attempt 3 failed with EACCES
390 http fetch GET https://registry.npmjs.org/@types/pako/-/pako-2.0.4.tgz attempt 3 failed with EACCES
391 http fetch GET https://registry.npmjs.org/@fast-csv/format/-/format-4.3.5.tgz attempt 3 failed with EACCES
392 http fetch GET https://registry.npmjs.org/@types/trusted-types/-/trusted-types-2.0.7.tgz attempt 3 failed with EACCES
393 verbose reify failed optional dependency C:\Internship Time Logs\feedforward\Frontend\node_modules\@types\trusted-types
394 silly reify mark deleted [
394 silly reify   'C:\\Internship Time Logs\\feedforward\\Frontend\\node_modules\\@types\\trusted-types'
394 silly reify ]
395 http fetch GET https://registry.npmjs.org/@types/raf/-/raf-3.4.3.tgz attempt 3 failed with EACCES
396 verbose reify failed optional dependency C:\Internship Time Logs\feedforward\Frontend\node_modules\@types\raf
397 silly reify mark deleted [
397 silly reify   'C:\\Internship Time Logs\\feedforward\\Frontend\\node_modules\\@types\\raf'
397 silly reify ]
398 verbose reify failed optional dependency C:\Internship Time Logs\feedforward\Frontend\node_modules\canvg
399 silly reify mark deleted [
399 silly reify   'C:\\Internship Time Logs\\feedforward\\Frontend\\node_modules\\canvg'
399 silly reify ]
400 verbose reify failed optional dependency C:\Internship Time Logs\feedforward\Frontend\node_modules\raf
401 silly reify mark deleted [
401 silly reify   'C:\\Internship Time Logs\\feedforward\\Frontend\\node_modules\\raf'
401 silly reify ]
402 verbose reify failed optional dependency C:\Internship Time Logs\feedforward\Frontend\node_modules\regenerator-runtime
403 silly reify mark deleted [
403 silly reify   'C:\\Internship Time Logs\\feedforward\\Frontend\\node_modules\\regenerator-runtime'
403 silly reify ]
404 verbose reify failed optional dependency C:\Internship Time Logs\feedforward\Frontend\node_modules\rgbcolor
405 silly reify mark deleted [
405 silly reify   'C:\\Internship Time Logs\\feedforward\\Frontend\\node_modules\\rgbcolor'
405 silly reify ]
406 verbose reify failed optional dependency C:\Internship Time Logs\feedforward\Frontend\node_modules\stackblur-canvas
407 silly reify mark deleted [
407 silly reify   'C:\\Internship Time Logs\\feedforward\\Frontend\\node_modules\\stackblur-canvas'
407 silly reify ]
408 verbose reify failed optional dependency C:\Internship Time Logs\feedforward\Frontend\node_modules\svg-pathdata
409 silly reify mark deleted [
409 silly reify   'C:\\Internship Time Logs\\feedforward\\Frontend\\node_modules\\svg-pathdata'
409 silly reify ]
410 verbose reify failed optional dependency C:\Internship Time Logs\feedforward\Frontend\node_modules\performance-now
411 silly reify mark deleted [
411 silly reify   'C:\\Internship Time Logs\\feedforward\\Frontend\\node_modules\\performance-now'
411 silly reify ]
412 http fetch GET https://registry.npmjs.org/@fast-csv/parse/-/parse-4.3.6.tgz attempt 3 failed with EACCES
413 http fetch GET https://registry.npmjs.org/@babel/runtime/-/runtime-7.28.6.tgz attempt 3 failed with EACCES
414 http fetch GET https://registry.npmjs.org/zip-stream/-/zip-stream-4.1.1.tgz attempt 3 failed with EACCES
415 http fetch GET https://registry.npmjs.org/xmlchars/-/xmlchars-2.2.0.tgz attempt 3 failed with EACCES
416 http fetch GET https://registry.npmjs.org/wrappy/-/wrappy-1.0.2.tgz attempt 3 failed with EACCES
417 http fetch GET https://registry.npmjs.org/utrie/-/utrie-1.0.2.tgz attempt 3 failed with EACCES
418 verbose reify failed optional dependency C:\Internship Time Logs\feedforward\Frontend\node_modules\utrie
419 silly reify mark deleted [
419 silly reify   'C:\\Internship Time Logs\\feedforward\\Frontend\\node_modules\\utrie'
419 silly reify ]
420 verbose reify failed optional dependency C:\Internship Time Logs\feedforward\Frontend\node_modules\css-line-break
421 silly reify mark deleted [
421 silly reify   'C:\\Internship Time Logs\\feedforward\\Frontend\\node_modules\\css-line-break'
421 silly reify ]
422 verbose reify failed optional dependency C:\Internship Time Logs\feedforward\Frontend\node_modules\text-segmentation
423 silly reify mark deleted [
423 silly reify   'C:\\Internship Time Logs\\feedforward\\Frontend\\node_modules\\text-segmentation'
423 silly reify ]
424 verbose reify failed optional dependency C:\Internship Time Logs\feedforward\Frontend\node_modules\html2canvas
425 silly reify mark deleted [
425 silly reify   'C:\\Internship Time Logs\\feedforward\\Frontend\\node_modules\\html2canvas'
425 silly reify ]
426 verbose reify failed optional dependency C:\Internship Time Logs\feedforward\Frontend\node_modules\base64-arraybuffer
427 silly reify mark deleted [
427 silly reify   'C:\\Internship Time Logs\\feedforward\\Frontend\\node_modules\\base64-arraybuffer'
427 silly reify ]
428 http fetch GET https://registry.npmjs.org/unzipper/-/unzipper-0.10.14.tgz attempt 3 failed with EACCES
429 http fetch GET https://registry.npmjs.org/uuid/-/uuid-8.3.2.tgz attempt 3 failed with EACCES
430 http fetch GET https://registry.npmjs.org/util-deprecate/-/util-deprecate-1.0.2.tgz attempt 3 failed with EACCES
431 http fetch GET https://registry.npmjs.org/tmp/-/tmp-0.2.5.tgz attempt 3 failed with EACCES
432 http fetch GET https://registry.npmjs.org/traverse/-/traverse-0.3.9.tgz attempt 3 failed with EACCES
433 verbose cwd C:\Internship Time Logs\feedforward\Frontend
434 verbose os Windows_NT 10.0.26100
435 verbose node v24.14.0
436 verbose npm  v11.9.0
437 error Exit handler never called!
438 error This is an error with npm itself. Please report this error at:
439 error   <https://github.com/npm/cli/issues>
440 verbose exit 1
441 verbose code 1
442 error A complete log of this run can be found in: c:\Internship Time Logs\feedforward\Frontend\.npm-cache\_logs\2026-03-16T07_53_53_860Z-debug-0.log
